"species 1","species 2","species 3","species 4","species 5"
0.310125398915261,0.861845979001373,0.447461479110643,0.31961616803892,0.209511986467987
0.726792583734141,0.393541581827526,0.844465235716203,0.758204847947999,0.590565813888454
0.648504978510866,0.860778297054773,0.44977060014354,0.628437803985461,0.828342411582491
0.766651527835835,0.414530275720423,0.839920501631658,0.777421044628003,0.468323700717953
0.582312708668247,0.863113303733131,0.461295151012429,0.604896589223376,0.902966169196831
0.876193857240802,0.38730603065659,0.880986469058826,0.846108328011744,0.285882951988648
0.356759624700031,0.829944802112838,0.329174840855831,0.453319421663296,0.723197287221049
0.782651169763635,0.459264978879336,0.738616829238471,0.879671509045558,0.667920871124308
0.595302848131865,0.901848974221306,0.666913203123129,0.326712018163566,0.787932005556044
0.855615020718815,0.292546053823999,0.805110483630559,0.736953792029081,0.549812567501463
0.415253787088242,0.7253330050237,0.527496465298662,0.685569523595926,0.864929733717548
0.830827177893562,0.702191956802566,0.891630317464518,0.742515796214307,0.382096752703788
0.483378035912145,0.708962875553049,0.305643848162327,0.671444274349872,0.837457822431848
0.893599198358051,0.725906160998841,0.775333292194976,0.767393728509728,0.435829161539845
0.304647136359081,0.698341180321879,0.596093213216089,0.633561530258457,0.887394246997673
0.743807921654949,0.757825065326043,0.871851098434802,0.835674141927266,0.331693600044822
0.658609191021609,0.607555671352166,0.367801133999557,0.474636731172561,0.767690101103327
0.767422233909084,0.83734364231903,0.776549672258094,0.846065793528479,0.597541568780415
0.614250424432278,0.437157708360404,0.590086585715598,0.435780604686698,0.863058103538438
0.841590247586681,0.821852556257342,0.856741228170881,0.893450672260269,0.404386391038409
0.446165465838643,0.496293381659663,0.41837958440546,0.292170126238178,0.826762153058794
0.8274441222784,0.911661383805382,0.851472637830513,0.756384405713067,0.492128357609997
0.460961317983708,0.255600370746873,0.411964075854141,0.633288819421679,0.839703411658948
0.870098507594682,0.654792688527533,0.817999155537879,0.790194409567576,0.45298718548473
0.3884597831599,0.808539502353124,0.476711430535981,0.573775393794717,0.860634938580134
0.810069974200047,0.527999415582307,0.885794338950413,0.809497895050918,0.385626073336354
0.494856619469793,0.87681892323969,0.313408735426282,0.509013825038651,0.805701223437226
0.893079356635633,0.359123564370202,0.753922997711524,0.869548147148205,0.542954574476964
0.295431404073895,0.782031014816286,0.63723031606374,0.369472940323582,0.846872967533273
0.758448184679278,0.554011153224596,0.826567798917781,0.836658193358074,0.411611044241559
0.616887666924827,0.83204370505634,0.462807937320363,0.451186156436289,0.878735453770811
0.783293676270792,0.44640831364511,0.836446145351266,0.894118019015333,0.358106654648262
0.57152231452103,0.904934502032812,0.456924984860147,0.308626393814326,0.841041999294723
0.875922355075186,0.281743311300037,0.9031086428333,0.719085050317245,0.46191553630915
0.360640566353884,0.729675138457811,0.276684694384833,0.725880765252005,0.845292140305838
0.84421237236375,0.679448486573542,0.718929567094881,0.676253995627766,0.413905924231781
0.43013069526942,0.7381053762447,0.661065335068436,0.743076297066284,0.827605329295228
0.828628841646005,0.687278390445841,0.758773669660585,0.667017794058125,0.489526783942426
0.463588182295359,0.755046598875786,0.638627140352362,0.771802236216258,0.83139628729447
0.866956508860231,0.610664662078576,0.829019530880963,0.570992524281035,0.450362975378475
0.364854234775208,0.804108693293636,0.466956717829912,0.811930966176679,0.858823374938472
0.775488384964578,0.528832215759135,0.879964889549716,0.521652067129813,0.402003787949477
0.586714344922717,0.89032789544575,0.326688492533858,0.894222508954029,0.882342466132923
0.836632814120142,0.322185933387845,0.794204611166464,0.312016693403127,0.320342088799865
0.472328405745839,0.777492276711162,0.53649480903027,0.768615452920683,0.774914773571319
0.904788524138833,0.564468845442193,0.849630659127171,0.62542257075781,0.566405985025067
0.278086853029196,0.866002068932866,0.440810100815351,0.785690225838075,0.862270462642611
0.679879196158146,0.394635598257211,0.820556238392369,0.571457595141964,0.397174159187331
0.750254734622061,0.80002807478728,0.47644150312995,0.874918520980967,0.842943443088467
0.649598924432967,0.552810199623635,0.912508239550984,0.365799505637952,0.422324058557563
0.775756828088551,0.89696644916618,0.247172565027298,0.827139767268207,0.896563828391535
0.589036516304071,0.297130461039625,0.636096456371811,0.456115920472243,0.289223722830403
0.820730922121381,0.697782428329325,0.826483043239793,0.873467763387679,0.730511202276155
0.479703760242527,0.712799867629428,0.478473922886859,0.362947668375119,0.685896922115458
0.830482325809033,0.731026067700827,0.89067135277505,0.782266448529793,0.715712710627581
0.46337374159883,0.67996310708217,0.315299072374853,0.563554660939231,0.66884546379002
0.895805099169883,0.734489991557218,0.781026226499135,0.889042054282878,0.741711910144723
0.314012170334824,0.648667703893355,0.597201358748935,0.313382152768177,0.646629011519752
0.790915645982975,0.815049908359664,0.813079419791212,0.734288094019184,0.764772076965746
0.587001687477229,0.48913223694187,0.52473036744955,0.643865599157918,0.61496565252052
0.874552801325021,0.840155518327394,0.829514561697813,0.787699244970201,0.811959855784366
0.352712230130867,0.441960967973903,0.474548644051434,0.572046206246075,0.491751524249436
0.826570262258686,0.844505692240239,0.856542022685216,0.826518101047876,0.840851596923432
0.459595659881147,0.438885815628413,0.416268915597407,0.493457071599227,0.427743174611276
0.880409372260641,0.837420585080456,0.850672244424109,0.844869515953855,0.835170088837631
0.331795564829641,0.446228367438406,0.411137997875494,0.427237958248667,0.464742977753179
0.779225211190306,0.887669388670447,0.862843578741811,0.898946888226076,0.909078406708319
0.598910556598552,0.322894751348931,0.397369592530679,0.30146606199722,0.268478448553422
0.798750289409884,0.737143330515889,0.806894455858135,0.742239091636775,0.65727320453077
0.523033604493058,0.632830857178861,0.521020115368703,0.683663009892483,0.797887240761075
0.867161087516837,0.821678934639588,0.893861872743268,0.711639007789717,0.550806605345769
0.376582639514026,0.477617847614611,0.292828297700226,0.73769417840634,0.851344870780849
0.801564187027814,0.842957771947642,0.703058770943364,0.6835731863866,0.403185897630364
0.515736011989419,0.44462149540695,0.741480912090698,0.724491516333918,0.804364654671256
0.848702884230496,0.886384211448063,0.681495616104479,0.691946444348896,0.5110917803269
0.412365309818071,0.31197087327059,0.743659859890633,0.711070007558489,0.865781696416148
0.836646371018712,0.718337831180172,0.65378291067987,0.734356447331938,0.376921603360574
0.454262052361354,0.693908298697814,0.79814996018873,0.647027597169018,0.851029077247129
0.908934556647175,0.749151758464924,0.527460296042135,0.790732698413976,0.418476611623529
0.261588608443809,0.656604821800478,0.848397119710354,0.542146005926151,0.846462321971267
0.670065044302367,0.817632434688823,0.436916098537021,0.888201394375904,0.445032816376395
0.748024536778286,0.514978418424453,0.819290936371523,0.322956679152749,0.875308099218627
0.636241889696099,0.913547767333404,0.506361983228124,0.789090223567555,0.360115963182112
0.77585939022294,0.2409895061237,0.8609512520941,0.586488551170306,0.777840637055259
0.591048103160517,0.669889838185894,0.40571698689473,0.880828909131815,0.603068399085363
0.849943885906011,0.778563222658471,0.847776025409186,0.344461309743711,0.81354095149941
0.414518537807169,0.576145146143904,0.433008406041374,0.827139329209735,0.518785106858041
0.813136676608464,0.892627642322227,0.826495120886435,0.465258674640319,0.891854138962201
0.525846230745809,0.301982070895382,0.470415431684584,0.852916469680225,0.299010596714952
0.876654447605265,0.778004804800724,0.896815628683557,0.395253552762678,0.735550527396079
0.354457188755656,0.614916037894513,0.287430553958065,0.848254630978467,0.655730619686209
0.784566960258555,0.81554674943744,0.725736538969032,0.421971872257459,0.756981209907338
0.593271296366395,0.514873243176299,0.684072018951371,0.832248918658125,0.612724786515697
0.880309475432452,0.837810400804421,0.732323347855538,0.459863319292258,0.784835337875481
0.346290861563596,0.453262970358152,0.701172808270735,0.83404551948148,0.558882806039619
0.818541730810384,0.909569535633731,0.742052408675551,0.476349410316638,0.86013566717983
0.520901047494625,0.256585185024105,0.686043586806452,0.829305139262007,0.411572436988227
0.844293688961668,0.680712709782637,0.735982293078448,0.468180895557124,0.823820474439947
0.422747619346195,0.770651931528203,0.634677754807697,0.872648422838378,0.48503436418624
0.837771633311738,0.597285540335131,0.813849367182671,0.373853073257119,0.903008945033548
0.447624446939561,0.856945739032188,0.506690159647658,0.792565250730344,0.27736511053936
0.889360444780035,0.402272855180887,0.848738253396119,0.578906581319596,0.726454848594303
0.328240384096517,0.860307675724091,0.438000469402395,0.878760546833895,0.659612405778262
0.775748450037945,0.412803634966354,0.842463144105135,0.351035164884273,0.810484292947827
0.598709193490439,0.887713010000757,0.428413113162647,0.79025050321307,0.540399875830774
0.828031014225076,0.319447849707327,0.820199674771748,0.578097197046458,0.865554290750527
0.471477300196458,0.800944317932602,0.471412110991995,0.84462524562078,0.393389874840518
0.85550738503432,0.532706463445681,0.898877189968848,0.420459537781657,0.830699892903581
0.389459876801593,0.910850014591454,0.292423000125013,0.815170732551386,0.467927873092162
0.856331718308234,0.2462664348594,0.724697084135384,0.481395381914872,0.865368846346105
0.397820587150804,0.64212469718895,0.676309736640553,0.870629265267286,0.391266852152708
0.846378696722446,0.815121800443419,0.723769801380987,0.38580461912113,0.853350006462278
0.419517268812824,0.525498804515365,0.709025873592079,0.843012518981576,0.406977408897685
0.89451015844187,0.871441607449744,0.699899483809794,0.443531587451261,0.829932470142948
0.301447896991016,0.377345978876566,0.737604799029992,0.861234094653805,0.464861251108296
0.736682900384286,0.85707734771613,0.633918390585579,0.380644197156023,0.875818079396771
0.640169236507918,0.402930295224516,0.77090597373179,0.803972583536999,0.362167182410328
0.82650263436855,0.840235842790407,0.613490333662882,0.547751116031406,0.832048496460222
0.472984696129715,0.429421585432527,0.817144757074974,0.882768804990626,0.473673197891723
0.894603747176212,0.87394993646456,0.518895460566536,0.320144611183162,0.86230083143248
0.307185483391641,0.345466568985459,0.895067547429707,0.790140669070371,0.402278482575092
0.752949188974731,0.797553551970927,0.305084752483912,0.550455292652072,0.858596108425497
0.627923680124834,0.557558031735312,0.73456205941556,0.870734197304988,0.39131836686067
0.829241816804087,0.83476954111632,0.665140190847079,0.385843394118381,0.83656611397522
0.458977055985235,0.453056769322957,0.802967306836212,0.851064389947167,0.449343433672664
0.854487418267284,0.833653279048611,0.524607179640515,0.404077412127608,0.874593056512088
0.42702990265528,0.455448180437618,0.886936850740052,0.808323187181611,0.358718076261957
0.821193246391366,0.902769093789904,0.332445505666568,0.532367216836759,0.827763808018586
0.473588052539747,0.268202885694998,0.801364967384744,0.839538513559026,0.457074346303022
0.857623668026409,0.671808303121288,0.523965985418369,0.444333823587272,0.907047703210497
0.420563712777857,0.797309952790055,0.897829739182928,0.85411228258701,0.271008790634329
0.855588234794768,0.522171689671203,0.304987065425504,0.415585786343425,0.720259660871383
0.429232500859913,0.891204566484256,0.777568144548032,0.83649006328323,0.690101124782999
0.896687541977944,0.305697828799096,0.604806328908753,0.471206801245092,0.762768784375087
0.293012121856158,0.774554624328903,0.854473974857044,0.910091533308728,0.604379013234131
0.755659051135562,0.596556414378613,0.417851288555786,0.256693607857575,0.851377845712809
0.62503957205311,0.79719196676191,0.87923097236666,0.6808545226306,0.407989587954043
0.801864972312376,0.544474467700828,0.359006635723202,0.75095119538167,0.824100934997481
0.55891506177584,0.834159174352519,0.811780191206601,0.669160505277423,0.500029067690051
0.891535797019948,0.44165808301852,0.516216407343959,0.756206470610332,0.912278398488621
0.321374848387551,0.8845334791251,0.837924815163106,0.64219121588492,0.260497652159858
0.760249499610629,0.336769629327925,0.461011110612987,0.813269029819836,0.701370463122202
0.607718410979826,0.790093677498712,0.902605639877645,0.512731124163723,0.701518636395141
0.787363516194068,0.5876417266777,0.281311261902681,0.911635375704079,0.741638797575109
0.568793957613853,0.819667648600673,0.725315217856871,0.255192777806301,0.663554030983464
0.879724441903667,0.480948615106333,0.710002242184931,0.665767705429375,0.739578340357831
0.330494877210042,0.839196117323222,0.720542211501247,0.732318680859667,0.658186801716464
0.759581852462259,0.42992717379458,0.687654530031027,0.680565049612895,0.751314607109927
0.595304160194525,0.90095361408691,0.735179887290997,0.778082385189037,0.667447346405368
0.877748961881029,0.275498805991315,0.672106883980588,0.557800766061759,0.751862493064839
0.345445964937324,0.721555525290385,0.772738061889972,0.880264177649947,0.655998579735517
0.808356937888709,0.682461192724278,0.586585075344834,0.341537411690908,0.773059258283958
0.544660387979043,0.714875074702789,0.853151867918638,0.82350353819214,0.626270523756485
0.873433685947291,0.701539694586116,0.412714286606173,0.495475173357188,0.822700454816719
0.367759431180122,0.712429283915759,0.848056662410122,0.873741041996058,0.481243924820854
0.828451436803737,0.686205223528019,0.415406089989005,0.355900516742322,0.903683831570862
0.483324306566384,0.777937271673755,0.848964480009123,0.831035558011834,0.275237160997119
0.896429331196849,0.580286335238932,0.440923128755369,0.446041396962304,0.710302107875098
0.311210447278618,0.826487606985825,0.839772213677657,0.895537974167327,0.693995582064253
0.777825247816604,0.474604140003758,0.45785136611086,0.284477069453341,0.700966096350015
0.561378335772475,0.899726104520874,0.88510824124686,0.738980739446408,0.706646760196441
0.869015335667353,0.292483342111779,0.328766384926111,0.633695632730664,0.745609542170816
0.374787212720054,0.707823773758266,0.749321935214516,0.790734020794818,0.66783193975977
0.86318924856316,0.717290718767501,0.625315372398663,0.544272436905179,0.729505694553388
0.404920988735124,0.725067411132495,0.822030365261846,0.845390581746057,0.690158561669051
0.885065277998958,0.687087320678095,0.493431695274886,0.454074191458167,0.720292208064718
0.328195507954253,0.71751712197923,0.896839741068627,0.908270996666945,0.669956375127324
0.809483843908741,0.663416383309473,0.290444050807009,0.257900959855578,0.767801938838278
0.527904841668917,0.794657316178966,0.707775012388603,0.641521349002414,0.598924192352936
0.838811348979942,0.558933285453588,0.723899979812532,0.778986079245129,0.808269245759605
0.430139656503135,0.824137621228075,0.712817489739752,0.561798291821732,0.499198470864769
0.878890811416491,0.491127407602246,0.719024693915809,0.82896687152058,0.875772825218039
0.345485034617033,0.89372213322228,0.660278293327552,0.471293432333362,0.366957129820101
0.798262562357876,0.302064311273329,0.759016275928525,0.829777450984651,0.802713282749506
0.542031320850457,0.735261841996186,0.645280751190465,0.471377870375107,0.552298494773035
0.868273876902152,0.696492136368246,0.804117810642175,0.830423448332191,0.868862435153568
0.381421079402559,0.7272093837257,0.537645506825264,0.469140115106902,0.378635899038839
0.861908371338789,0.670824665038132,0.83756313574104,0.914098259625917,0.821267893900789
0.397859154686403,0.752740323617001,0.463681181335448,0.251044036924693,0.501313242939787
0.811299925343097,0.63802361931573,0.876277426060945,0.646150486470599,0.853222782080469
0.540999108405982,0.832637272654122,0.339411950003369,0.815696486294578,0.403397586521792
0.888909563445398,0.476301539913544,0.764236768435013,0.52381301673791,0.806993111147599
0.32051919364806,0.846437525600302,0.612234229512777,0.906099597505398,0.526581925202591
0.772630341390648,0.44676543719471,0.846297834894887,0.269649532435857,0.897158213280791
0.57689342881117,0.859068719772876,0.451509122570116,0.718071942692559,0.295818756967282
0.850793816270833,0.411834770539986,0.838335793603863,0.674396791288238,0.715584464726555
0.42898647428752,0.885386328425309,0.46448386359863,0.742611513702883,0.703714323182629
0.887297066661422,0.3336004866536,0.873330811265268,0.678717953673871,0.741454360999531
0.311203394997732,0.818007370215621,0.356817655709975,0.718810102361114,0.628133404992843
0.716494271383843,0.523503505228357,0.818738202889419,0.683291027115665,0.814630304172085
0.729703858102822,0.832051875036469,0.517225645081125,0.724404420800443,0.517163202286186
0.696900241351273,0.462340633129286,0.878358094783921,0.698608381189059,0.871858054454338
0.724293354645368,0.866558754959563,0.333308467558957,0.694148905013993,0.374725219271535
0.705325220276121,0.371472002718926,0.766803448311757,0.723554082016765,0.804418055266446
0.712834554052978,0.817328048875748,0.638436510107872,0.674161884851205,0.541604969664419
0.724021743173764,0.518490910357024,0.79034727134908,0.754564677470617,0.839747641485888
0.703543818189321,0.873379068025689,0.557076885950225,0.623792331964034,0.434410396089948
0.689720687670544,0.374899585850725,0.844748659455478,0.805186630153891,0.889346105731958
0.775347966086084,0.798554787163853,0.454959239585513,0.550915000027947,0.331938168927502
0.61052789774858,0.518923205391614,0.896463892236304,0.877094776884945,0.785744115186265
0.852617274298434,0.909480092067447,0.309619134368992,0.358026653257685,0.577882018432641
0.428302603236709,0.270517721512087,0.720827760541331,0.811907994540365,0.859250247802576
0.823542331806957,0.660755330670237,0.698799023911834,0.505842902930504,0.408912117692439
0.494502374961812,0.73831588873268,0.732835641802592,0.862205017690308,0.810508652533852
0.89355772954933,0.681731402467851,0.641047886381319,0.381425628738689,0.541891775032423
0.299692752650283,0.779960811674401,0.800307081041525,0.842971095313368,0.855044812235982
0.772314107753605,0.586497267915683,0.532591075481352,0.454082364528732,0.403345638025237
0.582925465839153,0.878598050959282,0.876562067526869,0.884610204942974,0.871320528333799
0.816877159541991,0.346426504583451,0.336207294285685,0.327534237512174,0.352484061450709
0.518357833126015,0.81916010265328,0.763626001178763,0.804880675981699,0.833111311801651
0.867146556032111,0.476791844040286,0.642730249879999,0.551063401281841,0.459523625775515
0.392387285236987,0.857326982460304,0.759609839509951,0.859379969520119,0.835583998360445
0.865854940049688,0.419116451173823,0.597756080451668,0.397644968039786,0.444924535847415
0.38272194419066,0.844933631172379,0.833982145562437,0.812154128898445,0.888765247651231
0.869538480692538,0.419110820837836,0.476063990778431,0.514575176701875,0.304161655054212
0.371955608216621,0.824882806127442,0.867790858808402,0.896871158920556,0.729375048358325
0.828566930796992,0.47938996126392,0.382004179951686,0.307153515524215,0.688370469536761
0.471275717005839,0.849081581533923,0.861166242124521,0.76691310274699,0.742460759813704
0.833729476067042,0.44630286439578,0.4092959560996,0.602761949691523,0.66107659750883
0.452065228947659,0.898709839822564,0.828918555168351,0.849185987981218,0.762105306619963
0.86144485179097,0.298648435957758,0.471405194613783,0.435593081631994,0.602606280334072
0.389879124217856,0.726487014013029,0.868606141532115,0.872944344085397,0.83156061607357
0.826900182106496,0.705871984825093,0.356427591208921,0.364222198889235,0.456722203625213
0.471429865050704,0.750412657250499,0.769179675983823,0.793440998432834,0.910072930137674
0.856571834813297,0.631193197650415,0.597811283527708,0.563314486792924,0.259869503276144
0.41282544886653,0.802533583741357,0.84078102445779,0.892447660055434,0.662981266821506
0.827765272175453,0.538660924905092,0.450893257772164,0.298982542074598,0.754659537703098
0.494504428500628,0.835362885852753,0.90924258361956,0.766410333168672,0.6586633628638
0.861901281946334,0.458055950237282,0.254375571483237,0.625212740357604,0.759576032185729
0.40072236878108,0.904895068655582,0.693155585955089,0.803785531553728,0.614318302976367
0.856330140572,0.279353814222369,0.728847356593191,0.532727658425637,0.843680029761639
0.402657891511638,0.741769022256754,0.706636416067866,0.896707699619169,0.423730033022857
0.885412210083215,0.649798189595117,0.691763888599758,0.306959870428756,0.862641951079649
0.321483019580058,0.768514979744569,0.75458311718711,0.729043390651112,0.39914951187369
0.775968877054894,0.620684631979017,0.611404156248474,0.697208674443366,0.868761189045172
0.568786497158062,0.843686244321611,0.796958995526184,0.708992126353044,0.356377651535107
0.871966460072652,0.453325736097314,0.546637124986295,0.726975932456227,0.788817020580679
0.376675679452822,0.859970993779591,0.874622371702583,0.712576421561513,0.544446755626641
0.808926884131169,0.382960467214958,0.342120355381257,0.738393777683047,0.878274631520244
0.534023615859476,0.829370844843185,0.762707589516041,0.655955898789601,0.332522006288668
0.832722370854493,0.466644279069103,0.604824078287258,0.750399834834093,0.788310381278013
0.445680358407936,0.838069980961163,0.851350348919435,0.661457712952773,0.557256666795438
0.90795042050766,0.433099105245517,0.429489721172664,0.786020425047161,0.857158361609777
0.274634769681627,0.849637974432255,0.870604614683412,0.543715781185411,0.421294504565053
0.718634941490136,0.403762751051909,0.366796272199029,0.90321310048713,0.883715268344647
0.727964895700285,0.876392086465368,0.832065573378867,0.280282374728989,0.32582879312362
0.683051379688818,0.371212674065243,0.444820700878123,0.72132724269569,0.798966142374125
0.724503269331154,0.810287475086093,0.840356861585488,0.678651278543526,0.528833356242167
0.667568658518752,0.510539533994349,0.446321681316409,0.758019508348481,0.878905294743051
0.773983165389198,0.833001834042658,0.854981992510366,0.624421254512768,0.344657368954373
0.625460543528387,0.44880648357017,0.40597923505106,0.822647577824116,0.780081013891791
0.787978262326053,0.870780023645477,0.818325526209055,0.482162329419419,0.585337018302538
0.548919477705907,0.357529236059076,0.495683454194163,0.891635634719327,0.881658943495213
0.871951248405043,0.833290679662817,0.872063246379116,0.317327752352774,0.325114321219934
0.379045331064041,0.449824227954089,0.364394570433149,0.760674155830791,0.77451049039873
0.843456437289344,0.826669480080065,0.789038076903791,0.599722455152282,0.567590775942251
0.431205142360151,0.475101337682399,0.5872916416361,0.848136888667577,0.891777577839007
0.893792991717761,0.852831898671741,0.8486433095776,0.428560635216169,0.316586587667375
0.317915687004903,0.403734738833026,0.410421679951182,0.880856743055294,0.734707189707257
0.728158538878438,0.869885129950446,0.876442577245861,0.351158320892032,0.688482048245008
0.710744307050237,0.369345638742123,0.368854558048298,0.826510566203885,0.728305384965189
0.716848270601068,0.796301624244192,0.84614982180526,0.489555227943111,0.708424962231794
0.702592594855192,0.567703038778046,0.412179974139178,0.885740074288789,0.697244330227897
0.716836778701444,0.893398299264786,0.876789549090042,0.336182535156651,0.729316229600051
0.708774961206678,0.301204495217165,0.352315783063746,0.807114266151992,0.647767768776832
0.678635360829916,0.77487019206091,0.823952387828742,0.546116388146431,0.762881669876492
0.777541557867492,0.622977684982023,0.489604820860138,0.876653632101376,0.629723540514927
0.603743500843921,0.806439541192083,0.892307168626843,0.344641129000889,0.770705597342235
0.848145799787044,0.500718637783795,0.3077218156465,0.823424447772385,0.6093895862081
0.415912336826398,0.91700444136008,0.774573876955865,0.510935294304775,0.833494659341388
0.83650712587887,0.239568811002054,0.582270593695325,0.834795676796181,0.452440882306882
0.442612869289837,0.617042025046701,0.842392677136736,0.481570592663155,0.878494205237083
0.879768870673863,0.858007113005514,0.428911849634106,0.847824072460156,0.330468989124107
0.328253805430988,0.419586613124473,0.845843297746513,0.441582383874346,0.794306930635803
0.773456619312408,0.856587630471479,0.451875247196007,0.846375125604183,0.548048534995843
0.604389823895567,0.406372090317803,0.885563719681965,0.440868023336547,0.889833974267227
0.830299899047131,0.836820804584777,0.334541507593589,0.900940767679747,0.307446393934264
0.490214879195135,0.463849166391405,0.745795888231278,0.283603879266083,0.778518042411946
0.851689880133195,0.869728947026365,0.665258150809139,0.690569195116134,0.557122046413811
0.42404613821261,0.375372968582755,0.780011495869301,0.724255407229935,0.871463795542154
0.89798348383222,0.791402871015423,0.558383135397337,0.680783617458828,0.35622790892344
0.292366296001914,0.542170954948507,0.884877090211577,0.753644096734962,0.764910804535564
0.760107167142076,0.828673599981024,0.314532413026901,0.636064102183756,0.615737844523279
0.604080001198673,0.482703909775934,0.766117707215437,0.834558355856185,0.826474826459505
0.859117648192387,0.912177843449084,0.638054705803955,0.447755271200494,0.49861053594276
0.410613721374926,0.246604583268775,0.794332396218967,0.851085167594646,0.846956808940069
0.887125516977709,0.640199600747716,0.554972718627144,0.439560890415827,0.445849345319777
0.32607338363159,0.815948187544656,0.843140615774625,0.867408255270263,0.905751559907094
0.739099990126727,0.486793997558544,0.419604860718799,0.393679378431703,0.274831804360746
0.63657263748307,0.912064802638738,0.839846239757286,0.82969003950637,0.677707991246475
0.768678474327518,0.244106085449307,0.449962382597842,0.491411790659513,0.73098895619141
0.60233931914195,0.662187237589306,0.839690060095664,0.864685388177125,0.680398332989299
0.802188651248575,0.766805931037985,0.434892270204965,0.3879433814869,0.714497291184328
0.53054598145432,0.604105412686593,0.875813924046735,0.832994250384131,0.718684566369034
0.8574791968047,0.809740170119339,0.371051423244423,0.485269088194969,0.666428408782374
0.39013599647726,0.528276955264937,0.818718595782555,0.912481472991743,0.767850618157182
0.844746964158592,0.827654388219102,0.488261063645268,0.245489493522732,0.589268554523831
0.452336627413575,0.460950782584877,0.838127900547955,0.674496958214446,0.878772877449701
0.844883437512007,0.858867121333252,0.46275746370905,0.759221636448972,0.347898842123845
0.427797701996483,0.416704546421179,0.831597944741252,0.62449491363143,0.773703567305654
0.872366286587582,0.866513861282781,0.450254518613302,0.788787511130396,0.622959975392625
0.380496171018871,0.37718798158134,0.88803006892867,0.544074379748937,0.780022271409689
0.85198495933443,0.805154443678448,0.330202978365398,0.898971794564147,0.590461656021903
0.437699937649472,0.535453046184389,0.814163378064364,0.279281108019424,0.823525894617515
0.877026527589153,0.875108751011122,0.503490002426084,0.694110519198276,0.49827816242384
0.364484910325966,0.343036192222745,0.884331983703164,0.727217691824519,0.855131220886433
0.847942683248255,0.789651332603042,0.324286271766447,0.680736989580597,0.40007679984471
0.43213937113514,0.574975313592822,0.798697992720824,0.751475821312624,0.830437434997748
0.867820372751217,0.886825682204906,0.564194874218153,0.647916941796448,0.471529407509976
0.368662443579872,0.31424356322466,0.842229761551452,0.819886344314473,0.89428441824602
0.849888560887748,0.771415448895464,0.429813351050752,0.495682997692154,0.304659034765625
0.443834846506916,0.60158502918612,0.892463627782314,0.904615404906436,0.74461073349044
0.901561317964613,0.813331190972244,0.320019078113713,0.275932518474718,0.652676670690266
0.292588396446632,0.516530845331443,0.784889389049336,0.72077589978271,0.820631118176053
0.705847163251749,0.870547150491307,0.556803449000846,0.706469198050841,0.495064274832114
0.707814485963328,0.38217396979995,0.836120460301706,0.72495135859023,0.87223991375769
0.707467794004852,0.792534808342093,0.478061602653286,0.706850537585948,0.373333380045449
0.685403901559935,0.569354066143158,0.890947880021733,0.727998516151147,0.781016505157117
0.755777367422889,0.846914835260094,0.326723181296447,0.693580696015225,0.576690304579723
0.633651018902394,0.448767651882201,0.794694457100798,0.710939275434594,0.852116658148042
0.819475370168671,0.900044055424554,0.528718485043321,0.723096148665178,0.431317092265735
0.500481400708773,0.297847709850396,0.879884539553069,0.684129154671921,0.878566712343576
0.911267355200204,0.734567704466949,0.357597326879,0.772997976608941,0.363814643264435
0.24616357053298,0.673593971895805,0.832261979192586,0.609560423501741,0.800704785321695
0.647241210632768,0.738091847455218,0.486592185525896,0.84650183881252,0.551460254676884
0.781264108412847,0.637458286948793,0.886570248518672,0.413448164497696,0.860496127991986
0.583211169692457,0.800018322630366,0.31190642785212,0.869974458182039,0.391799106350595
0.871807504604054,0.550172500034527,0.731747759386749,0.377860134345856,0.80527337033771
0.383926096728062,0.856334940721729,0.650640548415472,0.845700167108424,0.509969405142065
0.791230271659678,0.39061547680502,0.782794476861829,0.425886670086839,0.87079599128457
0.583641683687717,0.810342558874505,0.591648302683197,0.883883032300947,0.381990612550819
0.850367637755045,0.522995828148892,0.869013723707278,0.347102865468615,0.796089192379567
0.427442443479138,0.869955186545616,0.391245717255832,0.811685230531127,0.534772599757966
0.896124873061425,0.371139962111846,0.840418720419923,0.497846558752544,0.889353310253891
0.298283170126799,0.857203272446964,0.436343414492506,0.891658198535059,0.311652132254193
0.759274085532245,0.403263527582323,0.900108245909261,0.29762900060924,0.760869398714722
0.62094829046336,0.853677660901734,0.294228541431664,0.755318147834606,0.649429400894044
0.796671951668615,0.397410333660992,0.732660365915123,0.657244358783169,0.801943695781554
0.524652235685958,0.825488993501512,0.69870566019693,0.744853255204459,0.526677402039275
0.875670110671353,0.47159643618454,0.724173783451146,0.650748121573537,0.855185987253986
0.342486296688781,0.856467825646473,0.66920376928113,0.77004336258274,0.428058216912342
0.78632444931608,0.413598337141459,0.784194380694955,0.602579295995206,0.82050582302608
0.5881692753238,0.87499913878275,0.564819736473433,0.863465367944384,0.485209518967802
0.806355683302505,0.358020005511579,0.843688116965701,0.377329830130568,0.878086623303104
0.539422772946115,0.778948829131518,0.424803703794121,0.816274497501335,0.363275161989307
0.833406213438109,0.589834295279021,0.851950959540582,0.479589471351935,0.842287601529153
0.47947787835024,0.849547319764649,0.414217793942456,0.886850473309518,0.426075040141464
0.890152902987937,0.44066404192119,0.892053224265621,0.339820478227578,0.837777821130056
0.305019039997421,0.871370595274798,0.302410467763743,0.801573374843736,0.447513038016177
0.735225567618244,0.374004290139734,0.749721231121279,0.511513556635963,0.879769245893046
0.635814027776354,0.854463330019673,0.667244490764345,0.858187692756452,0.358841325153082
0.800404352580429,0.403307209100676,0.802339290712912,0.385856559701649,0.843445971522101
0.522889787021656,0.843168221834338,0.546236245418898,0.790381461730004,0.443076048691668
0.894285425607371,0.449343646129097,0.886263224975415,0.551504708160861,0.829074365037372
0.316438581391679,0.908343166418783,0.33133567126765,0.858697109833679,0.47520323643717
0.732888965581887,0.259606657052459,0.745760638906748,0.404072155639542,0.830215239951255
0.660649957338247,0.651205684381148,0.665740551859798,0.837742398134908,0.464927278323148
0.743244612023964,0.806245368499184,0.777595647700078,0.464974590891637,0.879962695225636
0.667632435130767,0.529367833009587,0.606230788862262,0.836471556345138,0.337899792569981
0.759442635082655,0.883879911213944,0.840896306759907,0.475201528824945,0.765307416820136
0.613482418156575,0.340832928477292,0.45433851093063,0.835814643442452,0.603415922203667
0.863339264158784,0.796915046170596,0.89178416125281,0.47971030387841,0.793395434125055
0.370915036273507,0.521791241340553,0.32029165108019,0.849774199525397,0.5386660943169
0.80936533057624,0.902356586301462,0.796647282213383,0.418131077063233,0.843004358121452
0.54132043101453,0.290058819982524,0.52302509412923,0.827953435651734,0.436925694742554
0.897191320457166,0.740610534632844,0.845371649064455,0.464705940666908,0.86623681925069
0.282890022602782,0.667138829862466,0.431877421870621,0.870475134991015,0.376384352879119
0.707995717650774,0.738059985729698,0.848169960559577,0.364607924316328,0.827424080955774
0.70230016689399,0.69494933783679,0.41635574705731,0.818505127317713,0.486672212044786
0.725128298274204,0.731654287730519,0.841666599404892,0.506911086484683,0.905562977947145
0.710124807865638,0.650441135011473,0.429466456658952,0.833450282077552,0.28087770030821
0.699236479588265,0.825512495739908,0.850678291692859,0.455534446169568,0.741360161936487
0.74491754124601,0.482062777905728,0.429399231300977,0.837656082653772,0.630728876435333
0.641770227474055,0.913467509819415,0.817626014942284,0.469929071853287,0.837117187668029
0.774398784984339,0.248594755456542,0.501849883388937,0.90280441145656,0.446698318715007
0.566086152274013,0.648265119106784,0.842771435289264,0.27216315187543,0.856951241764101
0.873048766423341,0.779150884151441,0.446095313193,0.676195480956561,0.405192407970803
0.365134294188845,0.601253486840506,0.861360319902214,0.785400801766293,0.841494924785011
0.822199989083437,0.873795357613843,0.411205851326132,0.576010114596157,0.448512133990837
0.470351597422909,0.350576309228545,0.842068070134455,0.812069655781326,0.909061164852015
0.891176679513135,0.821389927256952,0.455815610117422,0.516556649783688,0.265877331559282
0.314220309181502,0.50820314128419,0.851142961344063,0.886778000156495,0.703478376177224
0.777261303099814,0.851510786048811,0.420658074165608,0.310802123315502,0.694135935564336
0.613091269523146,0.427464081755892,0.878132277875181,0.756801495269492,0.759990933879488
0.799120999486783,0.864847606629448,0.348442143165415,0.651936891069911,0.592537388253697
0.548218370549028,0.395778131136685,0.777836334604499,0.783597245595771,0.829940349364388
0.855207095709443,0.840671644361789,0.584526901711143,0.568896842713367,0.466696260849901
0.429500766595341,0.438118865788864,0.86687465206778,0.856305656735001,0.849344118569431
0.823077369069144,0.832625682513149,0.395902601590629,0.42116942255564,0.441322633362501
0.471909473882843,0.460731539358804,0.845544735077249,0.864783903599543,0.830722257203164
0.86277766051562,0.911209598076267,0.414154253287423,0.38433785332153,0.464563913091133
0.380329978997972,0.246037894709313,0.873412112064404,0.80926053495204,0.844723127492946
0.822286865574685,0.629276032243428,0.346871512594825,0.528803753084927,0.444267328075344
0.485529066957473,0.818000402158199,0.778536394188673,0.859075434445843,0.870445954343879
0.830643261908284,0.483567297300583,0.611206766777526,0.397436798511139,0.357919554312489
0.473982069461815,0.882618500190585,0.786457036518595,0.834115532670351,0.81814774042297
0.885469515764852,0.341343327274989,0.581234801348136,0.4675134971022,0.507464221041669
0.344043144398025,0.773348706564667,0.88128099181111,0.856352298219242,0.895454392525881
0.806481865867225,0.622523109111106,0.325595910709402,0.388144632874462,0.291944793398415
0.506428379937015,0.852034681946799,0.738172676348419,0.852436889555292,0.699379481461006
0.864204846298908,0.400237385286836,0.637464152345055,0.416030277666878,0.747893708941319
0.371065309166431,0.850250307099985,0.83956749701648,0.835627727590228,0.67119252985504
0.837554381235731,0.43430105669641,0.450889099058125,0.476802440967426,0.740299652396347
0.476420190633663,0.901919497359153,0.89970468969277,0.913097678553845,0.674389584534655
0.886093900610572,0.28523184306222,0.298937677835071,0.24430168004746,0.772588988639845
0.324069753729302,0.747890442386252,0.75679595661251,0.654828256116224,0.584150439171705
0.794287186897095,0.649024722192482,0.62640692405659,0.785012386706472,0.871506471093629
0.572980264209887,0.811672125297868,0.819028321603819,0.590563361526861,0.352539517824317
0.886091599190051,0.498774502955621,0.516959940867702,0.84996055254014,0.767876438574687
0.335973705333096,0.837648408909154,0.894827402465145,0.410710890760751,0.623607130279309
0.777874101992554,0.444309738481844,0.30192526677568,0.837127655139714,0.777454228109977
0.58262691917271,0.864945690851146,0.765782526071675,0.456622392427103,0.561824541613484
0.827299426076271,0.396908470192213,0.590474158799603,0.846091742705405,0.815598395047365
0.498851939470547,0.802270310380183,0.876647604496653,0.417513992432578,0.518160988154755
0.867909042694093,0.514154805778822,0.368446393555389,0.825614580240893,0.886678298533841
0.369400184085612,0.85033007425096,0.817791343177806,0.46072580870347,0.323990870492958
0.841214028927488,0.420084149425312,0.484583445133372,0.889235706370806,0.797429884822999
0.442664677171077,0.847746432909823,0.847328746137386,0.312031999390733,0.570412853146643
0.878959842580404,0.429467688815751,0.411750142674924,0.777142379580447,0.839599877226592
0.353122833520954,0.836013419126873,0.817977506381411,0.615562408672453,0.462644246079246
0.81294264658707,0.475282927970077,0.510858790800655,0.789688668081627,0.82897778786328
0.509564242756776,0.872205392280849,0.834347054217884,0.548838171819236,0.457238040144659
0.849169306465848,0.370120179162145,0.466227206802573,0.823807032454061,0.87872460557067
0.427622273550548,0.802472478303571,0.871398070960719,0.467924639044667,0.355021423723137
0.888206342964125,0.523516990279429,0.377469466091299,0.899292428362626,0.790365008956672
0.332534395747537,0.87984981700548,0.839257355141475,0.301910065892403,0.53990469861854
0.782690377656786,0.358043699036771,0.429979760145397,0.708101191216222,0.884849465155129
0.588225140978243,0.828564288208974,0.821464223893718,0.714839729748636,0.335530739132058
0.86507293246441,0.483012010116669,0.48438748201022,0.712803405206478,0.773067372946111
0.387594470918309,0.841085596733906,0.831136338112805,0.687642626031519,0.576947146304496
0.810682610940949,0.449498107155801,0.479101994149156,0.719525518922198,0.852759059431091
0.513982929398978,0.881084313746306,0.861574926961857,0.682567870268882,0.424541849680402
0.836600098039537,0.343178584767658,0.408852287380841,0.759567412456126,0.82916804210057
0.459212114846238,0.79307169606715,0.81386634866628,0.606912193285736,0.461320212066869
0.890319387166383,0.570134371849125,0.492204296601793,0.815294549897463,0.858984025550117
0.307887114158216,0.821025618941683,0.851257631892428,0.484613511564113,0.390768524853225
0.737737488413105,0.493835549266658,0.438380219153686,0.899488525726715,0.810679896514852
0.675287316919689,0.836911072123409,0.857915095606457,0.293105612204277,0.519579121674052
0.782210942064151,0.452020221037162,0.391017950033873,0.728036768175308,0.907901777013302
0.556757561778093,0.90993452926199,0.873708979842846,0.678911915174584,0.262814518687639
0.867440246656741,0.247183935842627,0.347430502513442,0.788630624644446,0.658683743926326
0.359817522183473,0.625494274717295,0.776901689890106,0.561462765445784,0.773864084416594
0.828926066607299,0.772830305724989,0.613620821353411,0.82590469345462,0.576068190301643
0.499074333213694,0.588602104888692,0.85191532300416,0.477807085687892,0.853848476868569
0.83987422128391,0.851978677721824,0.426700197126058,0.876437827272566,0.425457589615817
0.453609873510867,0.438604590035614,0.886106703948097,0.336603285291475,0.884521943908491
0.859070293206275,0.872852011201399,0.331080207661862,0.758573602222593,0.342065088616588
0.418922459279873,0.361005922902624,0.748695841903396,0.617812026361837,0.757132486282726
0.873084673566095,0.809094687724551,0.663073064236774,0.795171233117923,0.64671426402525
0.368611340978219,0.531251001351454,0.74849833915577,0.533133064479845,0.789849811504908
0.817313390373698,0.910057832344189,0.634326146865367,0.896414191686379,0.550334313625915
0.479445234656565,0.266227435534366,0.783455447779094,0.309378409115131,0.905288712131906
0.845254922340366,0.711703121400485,0.551827209133347,0.764444567775584,0.271040142780805
0.44381522257726,0.705791715861227,0.896672857380204,0.59016891810631,0.673675387930431
0.895279002131638,0.705106648038953,0.297476434704323,0.799035423428861,0.744544423041354
0.302555149647402,0.715452292783774,0.732741248404975,0.521991065703742,0.650152603664066
0.719054492253944,0.706794399107512,0.698591447020413,0.86208162932281,0.808062183511402
0.717806359726422,0.714535445408312,0.740037962609129,0.394083594320401,0.528176002375782
0.671489490501521,0.7168758390192,0.634767886791512,0.843029007007144,0.89386134402481
0.779066439102349,0.730938705092815,0.789669423085844,0.450746966282607,0.308705006380628
0.605892562180957,0.682484597096234,0.542098756112936,0.898265393176614,0.778936482829395
0.803115591262411,0.780637075211225,0.864316315729483,0.28919090390574,0.574991790742876
0.529978592373797,0.583100650125172,0.388125066762107,0.705575009793284,0.80931356450101
0.858808608129423,0.820512718727398,0.868734788734426,0.734076236782077,0.507583076738274
0.407152857175595,0.502317632225822,0.365997080208266,0.689704761604061,0.862053847036166
0.809225113977292,0.889750991042414,0.833952909159257,0.737904709844836,0.388219318894961
0.502232504443452,0.30801678564852,0.473814351493452,0.671482503184562,0.850709478560476
0.913540370676478,0.757031656213545,0.883230625974971,0.72534032755832,0.439430357798602
0.246043256355323,0.619333542489355,0.321416142361586,0.710324609041506,0.852344801713894
0.663381324545277,0.845950771729854,0.801260564733663,0.675138163645077,0.40158746832746
0.748306691597594,0.423916435230236,0.516181441266103,0.747373407653607,0.805685405028685
0.61857548595525,0.884236228561707,0.874603856713778,0.630196433833434,0.514015164138026
0.805538691889585,0.320518509164323,0.369018929405228,0.773821848666318,0.87265622446417
0.528461079232584,0.791919762913308,0.838595318869524,0.612816476439814,0.346301593581328
0.836211636431956,0.532988046807658,0.437199027234639,0.811646271709043,0.761103481073851
0.437841377555967,0.900477110970751,0.85536164019503,0.517517271576469,0.589260408282459
0.90532835043971,0.298955788226111,0.39521650473999,0.864876212892407,0.864281362858985
0.268808455868171,0.769947229996329,0.823287749290311,0.402437849328279,0.390860511227471
0.664462242979713,0.574775771201954,0.468471252209719,0.823684548708692,0.817552771884392
0.799185655590564,0.820847906825345,0.830679327415568,0.495335742163093,0.480732103638308
0.565891451319321,0.505407003136501,0.484040134835636,0.898631194983391,0.843175156046088
0.827230877693611,0.89676786619219,0.863115663570259,0.296254969116469,0.42800134034077
0.485842174967374,0.296461739994561,0.395507166568975,0.726620189361349,0.855442793930068
0.873568346650324,0.73310242314959,0.862078074863614,0.706981397206128,0.41450444384814
0.368639224201261,0.701549437425937,0.408065091995832,0.744297357954714,0.81303392161903
0.81666655998106,0.714808985587583,0.807923228350003,0.63354324672463,0.487026801057517
0.522088978142818,0.67510728911482,0.525121970990395,0.840275787374084,0.912580486458344
0.907199174317988,0.773679073085202,0.913403306906981,0.424437508777528,0.252042167977964
0.273197703693034,0.600681921511915,0.255187701164124,0.815536168769061,0.68345591441605
0.670709040365411,0.800049408645627,0.690733223345473,0.49911528495209,0.710945231465263
0.744672437174398,0.536176143763059,0.753559043004397,0.897386864155386,0.737167937405979
0.634282525419758,0.834835464180601,0.640893935325056,0.280059812565541,0.653320091879028
0.832335347113166,0.444503217178904,0.800267241757498,0.695340221414039,0.815074371245751
0.449472988577758,0.826973031562681,0.565286349986398,0.739216204345412,0.509740849310327
0.86965442018314,0.462739802501312,0.822541194061075,0.659069282418738,0.908480373352413
0.382804153855697,0.891012363253556,0.476141434441737,0.782522796658774,0.260243153181879
0.815397047060596,0.323619009779359,0.868554168735652,0.569348051210873,0.688759461664825
0.512382285261083,0.798637112520975,0.385745823878055,0.895660259330281,0.75974120440315
0.854291964180976,0.561199752791749,0.867238619494122,0.295709206968245,0.637247971431076
0.39263796917737,0.8692380761457,0.382971214462876,0.695616798121102,0.805685527915132
0.844781037007137,0.38361356202494,0.816182407885399,0.730661942226938,0.519248743461554
0.449846682933991,0.843516977335456,0.480895140081978,0.656505927231698,0.90773926087317
0.893099195208179,0.436110407748929,0.841470369554501,0.799106755514036,0.265789131937299
0.297590687272953,0.902738759223449,0.425773838606994,0.558082600404762,0.705774768795759
0.70793257475063,0.269561215035042,0.891168429953333,0.854815401396921,0.698480134724601
0.722520694773672,0.72451285730086,0.303037294734623,0.395138931117364,0.735840538801659
0.678290303257437,0.715236087683846,0.709857522522385,0.814947037048345,0.673294725940562
0.742456888113575,0.691209443689804,0.691013989015768,0.513480603242816,0.763637000431431
0.680402275075061,0.70685567502659,0.707138826559389,0.898893920227685,0.63506766892664
0.770012870186969,0.748577331524218,0.71950452678297,0.288429268726857,0.769766012591448
0.603526720747042,0.643500263592091,0.719094271078131,0.686951965005474,0.572995611274263
0.844668325854203,0.807166702057481,0.663209238035855,0.774802651638916,0.88600902107467
0.436231602798454,0.525071073134983,0.810032178542193,0.586392213849188,0.324698438951683
0.833877968641287,0.873926489460285,0.530353843530588,0.825125253223959,0.753411020208176
0.468114735651945,0.358912353701362,0.882622167277445,0.478972367998502,0.61343884757106
0.841672617817201,0.7855338217211,0.33767889662016,0.839286002407778,0.825312771870561
0.43888781931957,0.551083983529013,0.816062177352371,0.4351018951045,0.483225668371331
0.834762151090708,0.887368655129281,0.526404965468443,0.898389101129648,0.905228618210203
0.447116861161065,0.337503553561099,0.862948784920181,0.302419301471108,0.281598481284342
0.875953792592849,0.811977592887605,0.40813522637047,0.712225863668501,0.701883314744783
0.339276060252866,0.49823341175162,0.804937988358832,0.681978670001476,0.708124859943222
0.778587697230437,0.835337755721478,0.518145899335912,0.761319112677794,0.72308366302554
0.585030475710734,0.437336754672823,0.852934358807161,0.605497188158467,0.680073210721564
0.853619936009128,0.892572380158485,0.404402189609663,0.849004611292757,0.748197625148942
0.39401426020855,0.299015906935355,0.849931724340601,0.4065900549819,0.675725955561987
0.845111558398429,0.76619382657257,0.437235846103621,0.861764384136321,0.729100312969552
0.417077888617851,0.641242700735625,0.900450583279209,0.387695097827468,0.677213581937986
0.884610099947859,0.771345801453399,0.278957205451639,0.86145780817663,0.722261189299408
0.341875546107549,0.624232500155719,0.675756197923478,0.401125790268436,0.71379213664401
0.819222970069587,0.779861841450744,0.755887143194747,0.846526851608047,0.685863642285463
0.477720377889872,0.560664422515075,0.623004698555603,0.431511301283481,0.745921768774376
0.857367605693288,0.880983052444442,0.833520422452561,0.898251730495337,0.618046071815464
0.413936594145346,0.32474444302431,0.478872731649191,0.292468292568791,0.795971854310049
0.821911158061829,0.740467206146602,0.893846051697552,0.758263133392199,0.567638378014489
0.511384844629302,0.669111531205957,0.295497383840075,0.64542671356935,0.888766852053638
0.842463213900143,0.752048340527342,0.724284703642478,0.758892433064695,0.328565643167194
0.456282458483705,0.630296522235803,0.684183441749019,0.624996763290589,0.770079744483989
0.867329838218535,0.779953162295707,0.766559193989143,0.803733065334631,0.592875986224267
0.395956859419198,0.604774495670866,0.635948591767437,0.532134768371115,0.862466287179769
0.851982625967892,0.863710199196174,0.789103737073495,0.900885412864829,0.406454136271051
0.430645617045855,0.37675934648511,0.579546636490365,0.280711356565446,0.885806852979461
0.857212976199839,0.797749146867364,0.806857113444504,0.708468772967021,0.320788404722785
0.398636129621932,0.543701687011975,0.517663707688134,0.711502570326638,0.770367297419951
0.843699318526478,0.825631332920666,0.863314585702143,0.724874566489939,0.591117912431733
0.45410426089153,0.503133945612494,0.397842265621932,0.694160420753802,0.858904834782403
0.832439161707613,0.881337714260712,0.81887170145464,0.732561038133554,0.396563625902537
0.446418626000005,0.349607912947622,0.51687018226327,0.659277596831147,0.799789537410518
0.86730733085425,0.802290839550096,0.839428266599286,0.75582315003069,0.523182739561112
0.397019290038497,0.560668440301063,0.446013542273184,0.644525018096464,0.860437814614415
0.85118294569649,0.889919134826244,0.86187139636076,0.798820068320289,0.399603948683079
0.413162551788646,0.321244703416121,0.408633382396987,0.551354928508033,0.865851548971585
0.881218308596391,0.795377016665723,0.881668602785226,0.86310452437004,0.394171891985347
0.337499759422165,0.543725650853717,0.343859599963055,0.393067903394467,0.818654457189962
0.813019152459772,0.842172779190802,0.803296122650189,0.861195675877545,0.488946412641837
0.53396480191736,0.429711604708722,0.531967192293454,0.375322438523605,0.89907656805968
0.863363306089108,0.82410708314869,0.876390102894652,0.821245606915594,0.278521639824812
0.39275551116725,0.471319857985833,0.349877038598334,0.488765477208744,0.728278928968785
0.858241636769581,0.863303962727713,0.785671849699892,0.837592231847837,0.664698564421835
0.393876528512297,0.370322476572143,0.587601113353398,0.438642664697893,0.751142043342216
0.844988315780142,0.856094499428559,0.833980436887005,0.904344559439789,0.644510857116382
0.444870448461768,0.390089719644797,0.484106347353754,0.264630546160945,0.759236333219547
0.904595340241417,0.819895382163454,0.878049617038856,0.670235584487459,0.616226158199781
0.262349208655504,0.479489706691184,0.364599099884261,0.800235892436035,0.819821973354121
0.647191775136092,0.862910267830633,0.837828887188822,0.555990010094598,0.488804366681445
0.816874101244624,0.377038311028829,0.43748851530066,0.868826275454287,0.887445561524122
0.497675435017678,0.811785002681602,0.881126655608271,0.385788082994691,0.308921044415714
0.867109128964359,0.525724144216789,0.336716478283578,0.864804845299559,0.74948740455115
0.364002218842263,0.907886779724271,0.819597362270375,0.375681657234623,0.6314828068
0.795298829376068,0.269572320054931,0.492369396834436,0.813143262099069,0.824327849543518
0.557424922502859,0.685181933198994,0.874500254391277,0.502636768292242,0.473094197221357
0.846131327016891,0.723358759456583,0.372022811438639,0.871614839394934,0.881586050619603
0.453863558074131,0.716014204163559,0.804518646291125,0.355321451103643,0.337309208222685
0.827479639429694,0.695279615134265,0.550461676563522,0.79912628994858,0.79228627716776
0.46030239701781,0.738642639826912,0.902853607195437,0.567280840402873,0.571338408041974
0.909742057004359,0.633196972107534,0.290758382050442,0.895858923396793,0.867445494993102
0.251613166829457,0.7987250863031,0.703090284855927,0.302794256282695,0.395652303119847
0.648278093912152,0.526156243035446,0.753530305660722,0.726090131204413,0.809131300054107
0.771934821190945,0.899509938792568,0.639300727600166,0.702549472441701,0.501295721899612
0.624229164929989,0.300706162247032,0.821088204432505,0.688433595486176,0.864182191728874
0.81484642860087,0.763785625276821,0.504071677976308,0.744252118486913,0.396173820014823
0.533216715389258,0.615848851707773,0.863279702116986,0.638677858092001,0.811189199482396
0.87037044020898,0.832889815260895,0.397894016374548,0.833706509221939,0.539337039045977
0.359963819324241,0.456760957087448,0.832347512874443,0.443583820876825,0.83314302230372
0.843418211160688,0.893171403554332,0.47123319010701,0.889031348122175,0.475252977527363
0.430600595326709,0.304536999268434,0.860917217791987,0.308050544079724,0.902892733212025
0.83968847454885,0.769668117396096,0.387494680016186,0.739396432924621,0.26934494958126
0.457083557361406,0.626676660695276,0.823151732513526,0.68266706781283,0.692738591897605
0.826512768197191,0.780972507606072,0.481822855767114,0.749524599394901,0.741752763878658
0.49231433465195,0.583571937479685,0.856437087756349,0.63299587507163,0.663734470497693
0.854512829608054,0.822689111628335,0.415634872133886,0.822690594809807,0.793621862385994
0.406087344878786,0.48923875550349,0.837597243405272,0.467182784595179,0.566451809800628
0.84346485754873,0.870014542213951,0.446458252743,0.861965272749889,0.845882641251559
0.432306211381407,0.382107722531225,0.869177788172712,0.374041386847221,0.44450445026114
0.847306124921449,0.803651778562802,0.360452356839335,0.835675768103186,0.849311312275837
0.436407715236304,0.543722261258224,0.792827758447798,0.476004191737748,0.435761271025397
0.847919885350085,0.901833749109829,0.534117512839734,0.841856926875026,0.830242282873526
0.441448612175141,0.281624750709847,0.859286014386219,0.422364245284435,0.466195635513985
0.850490138408109,0.687371064474658,0.394535343832886,0.836853539157661,0.841652671372081
0.433736817498732,0.777203052308242,0.847945502196182,0.449929999142828,0.448478446627802
0.830866026695163,0.606310013038865,0.442460863812793,0.877893932871118,0.856142238869017
0.474438049615857,0.865635505110712,0.89166753225332,0.358452126606997,0.4251337008057
0.850894147064534,0.384198221365458,0.304202765244826,0.770485701186906,0.890509217037198
0.432677800975514,0.817327264950015,0.745666427798077,0.576360679417932,0.314627510893117
0.889645975162958,0.512841488661293,0.649626111818976,0.863015806995121,0.787967514227282
0.305661377990017,0.880056309485058,0.771156045041404,0.400941091151755,0.584256316721203
0.733622280351086,0.350360912441399,0.583965106830338,0.838681150211476,0.865838451405804
0.645204162346939,0.806603403241953,0.857919603688059,0.445184495706755,0.382524990089533
0.786738290426073,0.542583804563421,0.396189254402934,0.876462611775233,0.789986158472531
0.541612708726762,0.890360343195439,0.821186886732644,0.368790455250153,0.541641525441814
0.905018685456858,0.313412182928246,0.479173157550401,0.827135723002061,0.897010371000815
0.273312310006541,0.782656855325744,0.847036885520221,0.455243636501986,0.287916064330555
0.672012323734168,0.597740912670064,0.451051387961781,0.901023744262188,0.745134764361947
0.793944396537057,0.840222559260843,0.877981663752172,0.29326698082645,0.619745679429909
0.546714945596163,0.450821199470423,0.341246734853244,0.716186782995756,0.809112190284153
0.885643191893665,0.853113052082457,0.819724466802735,0.719160378301682,0.496899672705884
0.339994933466696,0.39509279463898,0.476729203009219,0.671792519381613,0.89807390723855
0.824427817769388,0.833970001599072,0.840005317421491,0.768814932811417,0.29305223053237
0.475297184315348,0.458121078888032,0.458531698047121,0.594243335875996,0.743399035754648
0.852289785860283,0.893528408473335,0.837957018882584,0.865496773108133,0.636028996901489
0.40333169421112,0.292901593892553,0.442705550413186,0.394925103174187,0.840252582168253
0.827435828216815,0.7093082934379,0.862306630178726,0.808688197244938,0.430046090525511
0.459106395232135,0.705021804270135,0.387166215660625,0.515072425693016,0.891554960233021
0.876313682161028,0.684690665319644,0.867091066044972,0.898141392871624,0.300498491515536
0.344816469152532,0.781688083737916,0.381399114725902,0.292607200830912,0.762165959381723
0.767565108119286,0.60257651406591,0.834567699276781,0.72881669910586,0.61906105515627
0.61594303122892,0.830466628416782,0.471497482440381,0.645857847524152,0.790096765185127
0.816815030807253,0.494748280757235,0.84622695483022,0.764354078905181,0.573408743484623
0.498772945382014,0.854527209758502,0.451924685138335,0.640650055312758,0.873545980443764
0.83423394276286,0.393692799703363,0.838158190859011,0.792564267381566,0.360824665250122
0.443327550189063,0.85796237570847,0.442086632944129,0.578439987640618,0.771773655929014
0.884507542190825,0.406812831205677,0.892972290163889,0.813069286368163,0.598312559547533
0.329451115862283,0.845166517367483,0.3120835788651,0.515027614744015,0.875589557582638
0.777678819099976,0.441120854178892,0.761626800567225,0.91079931210151,0.354147155314928
0.582216034671388,0.823218404582408,0.612989732879432,0.252702284887155,0.795151212871886
0.826086584692436,0.483508547839311,0.788092858460292,0.678322379295977,0.555262585322614
0.49571233505555,0.883619076370606,0.566174449039189,0.775407909022729,0.865542672839476
0.906570977350367,0.344428078290522,0.831631744761813,0.602658824236799,0.385651237130697
0.271822062499765,0.828265079362959,0.490350243338568,0.869788425370507,0.824273330014157
0.688880052290837,0.466180013198914,0.853686954487439,0.365617590539683,0.465809397906209
0.757141615931002,0.904629480949971,0.396329499679381,0.815585731345614,0.854123632423653
0.65551903826906,0.265082085267804,0.837599515195854,0.524170127237808,0.392507112840146
0.750684162194145,0.679123531843733,0.474003632779178,0.877537108837813,0.801696777690018
0.612610159385528,0.783472880457972,0.871879228909236,0.365505199201837,0.558410896057853
0.820959437423432,0.560287627993229,0.347365234566182,0.827500002921762,0.85311438441014
0.47105250671521,0.817459306960328,0.760440438623995,0.499225195833588,0.414418127873821
0.866698634715514,0.520435523874653,0.638977613003549,0.899847845415007,0.858883563636356
0.395438256388919,0.839337852701462,0.82362100978123,0.277996427822133,0.384364517548167
0.853685586482487,0.446803102172149,0.488335752882986,0.680167877679851,0.870186369054027
0.408243120178723,0.868731808163,0.865566866516161,0.782109615702404,0.36753399927811
0.885806492113651,0.379399190177337,0.382481710522487,0.562460491719248,0.807096347670736
0.337186541140829,0.816743129199583,0.863660498074678,0.88109865051475,0.506498748092162
0.808360726847416,0.494679622898823,0.382177402994502,0.352051200260705,0.865946906911223
0.497893684328714,0.880821455272915,0.866156828274402,0.778904981198957,0.398648981440182
0.895020875866386,0.334088537751979,0.377246823912586,0.569113126429561,0.802995037878389
0.316696226219742,0.802267398802786,0.810896415072815,0.882461990374126,0.536696694730715
0.790990080740277,0.519671878405362,0.518558581354591,0.325776398511355,0.835233480477454
0.557582496256665,0.906079491877383,0.857670340340643,0.762457004172569,0.456652747184983
0.846190675512779,0.271792011743837,0.419566539134378,0.633241562664095,0.873362600780787
0.454785269347984,0.716947934083468,0.854214246595749,0.784392581733628,0.354210663030592
0.830877275428355,0.671141840919386,0.395261753656954,0.563239915160277,0.81421172968582
0.465441800048552,0.74137956483136,0.83536964736267,0.890871635308816,0.531589359216133
0.867812285269424,0.640231061089589,0.470937602572749,0.30975488900568,0.858674428289311
0.391214890446157,0.780126151935863,0.901941271212866,0.777707664625841,0.420162857396707
0.873092460347962,0.575300936274207,0.277076621673839,0.558519017214668,0.856335827411006
0.362631606422827,0.841060175356855,0.676054774166609,0.898970674389345,0.405396519186791
0.846788811199409,0.463377746024105,0.781799590462438,0.289368251139766,0.843088087987631
0.442895840889309,0.864522057222996,0.585693672976065,0.697875337473731,0.419243229459695
0.857668088763187,0.372066181950646,0.850621012178859,0.708388761971822,0.827083855861759
0.417025186895197,0.779284217719957,0.408850657493654,0.679911018372111,0.460434014049764
0.885089174223562,0.581642897099072,0.80568680516107,0.739556234005305,0.885658838966553
0.343278092904384,0.865666346744635,0.512325509489893,0.642442582028452,0.312418169501145
0.789206007947042,0.399401121491696,0.886654759104105,0.758900967478191,0.740904906498506
0.552673140388566,0.805957519176049,0.320729306124293,0.609770702623443,0.657388097870261
0.871672704004913,0.546433544483649,0.754655989909132,0.847442770459751,0.792667459612342
0.382960740838895,0.85855008901447,0.620844092170701,0.429290097943882,0.576886215044412
0.796270044676235,0.405635210357906,0.822749116129944,0.82519950920104,0.848730857394552
0.555332386632235,0.803587452520725,0.490027344054847,0.492859615846197,0.430002115090026
0.896263268694608,0.526650372219075,0.910916403256141,0.915963517855683,0.885578878345562
0.290401164031785,0.907348007886376,0.242577385355133,0.22804852340536,0.338922177824546
0.722258168728201,0.272195507370271,0.623165803692005,0.638899847982423,0.761321240794212
0.704964704357273,0.663465642655803,0.83501726276957,0.770542055185875,0.629829261653847
0.704186666911891,0.807809413322375,0.464577421206654,0.601604680435591,0.79747532447835
0.752318373637241,0.543770675830813,0.91311516292491,0.791117358710878,0.53356752089107
0.611368282549573,0.878224975960681,0.255058656078453,0.552973144257721,0.828231732610532
0.811640179918713,0.357486949419125,0.648857719450336,0.883622898486019,0.491708590460259
0.493953992191257,0.845423482599972,0.783326466792759,0.336188379200383,0.857367314426068
0.864086688661142,0.416780908187561,0.587703006377805,0.759113942094695,0.393677073955765
0.376775439870806,0.846820925317431,0.8190140342331,0.623864393805144,0.813283242583972
0.798598505501174,0.432299824062414,0.500804679029473,0.829354217604901,0.510111497847837
0.541832340679486,0.859350500166606,0.852802079747036,0.47312108434551,0.898655014280948
0.853277914308927,0.414384125263821,0.430950539824453,0.842025511808012,0.300234445906154
0.429036763581556,0.892353456146908,0.89310289595909,0.437965009171183,0.730802065324914
0.8171597079454,0.322917063625725,0.307383310169513,0.896992522878999,0.656219777386082
0.490027030305481,0.773924757844989,0.74095157226142,0.293984295344766,0.77621343246548
0.88077904887426,0.601005478889007,0.637943191750264,0.736008422924167,0.578225766329555
0.326980619109554,0.806831645307056,0.773409232119847,0.658808429685179,0.872702379699607
0.797714618629794,0.500579641433115,0.625431767550599,0.784294409385274,0.356833540597699
0.538765664339967,0.884515628663948,0.836404972373977,0.583158100707274,0.770096100213688
0.901377263006792,0.33031154553466,0.471427844129505,0.85531586079429,0.588817584572543
0.297847202034444,0.754668556898135,0.833932153539662,0.404227753925093,0.817857808728215
0.759721702990631,0.63450195738943,0.455439171590933,0.840572876153597,0.500440635470209
0.628066256209857,0.764856662166435,0.865232706999094,0.447839173127408,0.86643536216069
0.836809158067743,0.626284194815677,0.401536723828097,0.832113176725599,0.377788995535221
0.461944021026872,0.813854592091687,0.844753863730377,0.466332963646349,0.828354110133563
0.858970776452847,0.49078401567681,0.442353531303861,0.828235387355577,0.455377684538679
0.401427404112688,0.888175355250426,0.847492539046936,0.499209457113791,0.853304424257936
0.809701675774662,0.325434706673931,0.423524374641084,0.861998921746375,0.426567825808667
0.516719465432729,0.775763489886813,0.848465815586495,0.398395068224681,0.860882715158353
0.906516503680315,0.595256932884929,0.433129841485906,0.821473446034008,0.379080747261522
0.268916264538027,0.821011201202565,0.850544344182219,0.495676757331691,0.853400654301821
0.679623963341678,0.485806979295003,0.432867547134548,0.889821314336356,0.433162725365818
0.739671796931369,0.865600589928771,0.850578449307992,0.31527267347822,0.837004249213486
0.652156247947249,0.367613772183229,0.431968703413457,0.723485939000983,0.433140747659274
0.817175245548958,0.840861329128704,0.859038307790945,0.669100983128903,0.846642445079165
0.47855560505243,0.435246234813604,0.391071734847194,0.775615503882708,0.423466640524047
0.881556691154045,0.885841042101789,0.855413340250742,0.602803658433686,0.829321177633523
0.343423702787235,0.339649841430463,0.424079015228944,0.830430576342738,0.490303265566898
0.777813353765434,0.779433919082582,0.813800696078047,0.458792225566796,0.845422298918185
0.617141562077382,0.603694768632216,0.494013696440861,0.845320195306252,0.417733182219093
0.838658904971884,0.864225761777394,0.882382623974108,0.437732853368363,0.852862619327869
0.44268898520728,0.375164869174559,0.330831622840667,0.857005405004059,0.40160556655848
0.862110292448907,0.844975025488009,0.75612940869538,0.407838470571185,0.875548557939188
0.401907391239993,0.418379065435087,0.659339465567046,0.829876564877242,0.353988916967163
0.880406617010056,0.813958567310259,0.78980552106492,0.477896947607541,0.835951519638776
0.329784726694546,0.509608419524419,0.538965830353432,0.878507471674497,0.453261123299639
0.77480174725875,0.862931415696771,0.904744346812208,0.341450620093396,0.870218651755939
0.577279923604259,0.37931800965369,0.28238022806344,0.761168534800332,0.376614566323951
0.833060891508633,0.840698460597682,0.687988787839629,0.628570970163235,0.824774779886179
0.483327305163625,0.450100078060271,0.771899813798231,0.792195291504656,0.472151758139665
0.849476255689774,0.828376893467308,0.620104499243813,0.534081419557722,0.88476000582942
0.443513598648866,0.483295775682708,0.821347616395952,0.903875705770804,0.341696940004965
0.836649326612924,0.862164495933863,0.468976425153786,0.26326176227955,0.761937670026005
0.450771030481115,0.386092774115702,0.890054034009469,0.710264839773023,0.645543942963497
0.851463400467603,0.866143637454849,0.300650794101669,0.706156920015324,0.777693807024094
0.400196754421924,0.372291796512346,0.762147672760593,0.725893439892646,0.584914323533156
0.835675841723707,0.837788072080764,0.620547948974252,0.698479440391686,0.808454541267753
0.467462866470527,0.444590374012872,0.782687480124628,0.701094527157749,0.533357595874246
0.829045080745406,0.823988921219161,0.583955845531337,0.743902671114333,0.904265173071816
0.496556700194396,0.479076956430824,0.805510970017366,0.64175809257396,0.267340342539892
0.892106984894969,0.867380885739993,0.504390797637544,0.795068089489268,0.687385004200456
0.317644827921614,0.36566736169453,0.846828004156946,0.552860799471809,0.764096410843088
0.764320096964356,0.822089839916885,0.426105564131145,0.880028656022044,0.611239672782177
0.626813631924705,0.470295738769089,0.881209083740237,0.326527438961042,0.857951027863019
0.83756616311933,0.896188328443827,0.344259729769865,0.746079591286133,0.418568235538949
0.447164065344174,0.309154056508337,0.77043451559985,0.657843808424263,0.883342600086095
0.907755059839487,0.772602506919276,0.594791172725035,0.803774067533984,0.346843969114601
0.263666927065783,0.575533000650501,0.798453590177343,0.529852553706449,0.820098282625013
0.691991698926384,0.812214409032317,0.527538991914588,0.891551214471795,0.479984110348607
0.704939149346461,0.494173448178676,0.891999974928735,0.316709487233029,0.882042788555767
0.736890759696896,0.880999792354919,0.305681194020315,0.773973632012722,0.32230196462021
0.686996123428912,0.351951424299258,0.729119342175414,0.578725995538078,0.768631210202532
0.725981790403236,0.791395931806792,0.669429747335622,0.825978133097926,0.617202157383867
0.699643217383423,0.557620305017797,0.777764193987398,0.495332441726027,0.826165612026207
0.738498966681419,0.870749829785894,0.568623747720203,0.857957894960095,0.49065948033512
0.682318212658696,0.380121797138079,0.889175649517513,0.384142047300093,0.839539982360719
0.785103987504808,0.83497286619627,0.329214131130407,0.793386094370722,0.451529861822374
0.592673247213683,0.479123512164148,0.782954204625334,0.528565171842278,0.848804359273428
0.834436051439869,0.885160332035145,0.570531475533746,0.889235349233228,0.428635888486169
0.472523163745184,0.317736290340562,0.817002519926338,0.331604400322097,0.852966252225344
0.830638920627393,0.796479846177996,0.487964719832899,0.800916137751641,0.401549657688676
0.465175964601626,0.576076613028117,0.872329268629776,0.536284095853628,0.860541728705983
0.859303370145784,0.849140382628515,0.372217536695649,0.897897486773483,0.405884043792548
0.394328284474336,0.413317737966169,0.82481355379837,0.284540545851236,0.813890499187415
0.814448766862434,0.881112282170735,0.472930028773976,0.692085957612022,0.486246998490778
0.524961946942561,0.327136628330628,0.880465548368485,0.758016233443055,0.881645587675462
0.849131742128894,0.739412704290068,0.332143092287769,0.609466880291438,0.338394702078653
0.408970184455263,0.640823791117609,0.759177907696019,0.847735796064413,0.814368040475853
0.837141921487756,0.776034199636051,0.627567282550178,0.448817189202077,0.498126371277609
0.44866089547129,0.617002284779991,0.82479527917028,0.850276356036866,0.860672231698999
0.872228804931227,0.837113164708368,0.486868674443698,0.403840766923422,0.395318169963004
0.355927934805866,0.435864517596765,0.877387829051685,0.873848768489271,0.830893129713273
0.802076117658047,0.902411662088999,0.344637212892857,0.347950167539475,0.452244055110804
0.559396604849046,0.275061017100333,0.789498161180642,0.791034591570492,0.861241827155203
0.868455998318406,0.680305063073422,0.550618716989418,0.532212986642816,0.394263901233313
0.370805037161679,0.760200286055674,0.89759715812524,0.894587249463868,0.820153241968992
0.806618850254616,0.626707950800677,0.279638542005237,0.300246989211457,0.472061103397775
0.520678559194814,0.802646650108221,0.680969406379006,0.701985069432424,0.847324417798658
0.912256450098994,0.530803240494464,0.780084582924691,0.689605545821861,0.438481288718578
0.248996374012573,0.894198533647465,0.60587866666248,0.726494886290771,0.837233421818168
0.668320237380456,0.305975342913306,0.838010890188047,0.689082690477053,0.444221046272953
0.746727006987838,0.759833023693665,0.431121169983613,0.702326228868102,0.882510407756719
0.620048666319034,0.593222454944498,0.868644838669773,0.730537436014897,0.347680339986573
0.856480515692404,0.861386199675565,0.356215427648449,0.647508674716735,0.773302639745536
0.39538982687665,0.386025022320782,0.795862548046624,0.81003178480562,0.584010192486965
0.830745585988331,0.814508827222698,0.554261461708372,0.514657003400211,0.829092372071475
0.481992024492604,0.484519056347685,0.893002131879622,0.844274957451541,0.45715675255184
0.873395457032592,0.885236673572967,0.305770041162555,0.440268218408535,0.876630607496167
0.355982578905224,0.340893474914883,0.745013749699118,0.87783384355229,0.354632308725474
0.791743263377272,0.768120225352381,0.666498620344635,0.332244411647695,0.827068172434009
0.55878358758436,0.598475881897038,0.748257921131452,0.765035213077357,0.457472276764551
0.821671823898744,0.829659399761946,0.613244813883786,0.624655618975748,0.849214386441874
0.471838556335459,0.480368520116825,0.832528391359237,0.826577391075365,0.419552869274379
0.907335232020557,0.880511287192812,0.445963736830871,0.471921320766346,0.870306295276209
0.257162408159652,0.34007559570657,0.871692268684467,0.873452838702592,0.375620852897386
0.642154115681127,0.751674913520579,0.375807059520792,0.364512991195856,0.798873443064676
0.82362633831018,0.61287282870568,0.863534415670557,0.818494944063709,0.526871713018644
0.491453206311914,0.826378186319572,0.375459636835297,0.487238979581632,0.912780172415962
0.899257564486389,0.475874130677282,0.853593051126928,0.831745588554831,0.256222857525384
0.279588612151879,0.904123744258548,0.406568021008802,0.462571407739502,0.685239174360468
0.674730021821838,0.276194876490881,0.809765060657738,0.887053826174025,0.752784439497257
0.737004446828285,0.685975008285747,0.516513476475323,0.317318012435912,0.62598878649469
0.65415968489562,0.733696506374197,0.892848995122753,0.792037496237777,0.783639132431049
0.7927156785178,0.657913386070582,0.314417119881478,0.549064741938632,0.553533189727591
0.566343656369798,0.792812991547806,0.766948506622517,0.875074037209009,0.833954035545779
0.84569919651548,0.547852475165618,0.636224844541131,0.362530641927895,0.458071275424142
0.43323896976609,0.865352104311928,0.777367754617682,0.820545989998939,0.851125798818936
0.830383244230409,0.366310382214705,0.568611205937521,0.489766704083513,0.42883904509276
0.473921505219896,0.774690700167543,0.839725984481111,0.840597658586681,0.884716471142245
0.913366317703378,0.574392381261074,0.453293459615299,0.457393771728528,0.32141212060829
0.251008725179164,0.850121107148667,0.839738089651514,0.886291610733617,0.736859999544985
0.688946136712369,0.42190176434166,0.436803485746734,0.331854476059798,0.683916698686569
0.733829736258928,0.824769645913699,0.845320632729028,0.815963610400086,0.728842058302023
0.677705409572412,0.463173545792243,0.445062701230216,0.515079563035869,0.65267260327686
0.769331402006028,0.905614753311862,0.834741174336586,0.845614613450214,0.751515879275486
0.610580699130616,0.2654373069186,0.450059624696487,0.41407761135705,0.666922197716969
0.811529325128588,0.652897024505579,0.890295971436262,0.829703128086393,0.755099680259916
0.490951910058181,0.78443856198364,0.318806302774154,0.458057597690876,0.61427656591098
0.893946308324581,0.547962130018896,0.748534308833823,0.894806529476311,0.85660961014194
0.30181356548171,0.888350019090263,0.644656370903512,0.308101651071332,0.389722650508078
0.746202101797921,0.328053348956934,0.765008023954856,0.716170792123934,0.795633410552801
0.619658520195008,0.74959956304118,0.585178174007381,0.699135889994453,0.570903424416365
0.824464888364925,0.657587085696222,0.859236112643494,0.702929487855534,0.831676402903253
0.467177527365279,0.7630289095615,0.413724577310639,0.701094094056024,0.466649999942132
0.834635773629179,0.608568441421255,0.841337131592568,0.717438776458533,0.877701555958849
0.461418110071488,0.831817786278066,0.443674297509747,0.724922687165293,0.336084033336776
0.837162924790317,0.447120925097364,0.847000596727258,0.67119424282799,0.799189790272142
0.471550689305033,0.892589128201786,0.420410044934937,0.757830861496552,0.531290807356943
0.911868212623152,0.296296619586433,0.88429591049335,0.625259850330332,0.850531898795316
0.265723474826557,0.724545714496876,0.339660764793976,0.782920434821232,0.412886400380108
0.664675733047198,0.665797976641937,0.776342979797527,0.602464382906227,0.814865506197406
0.77979752281375,0.790564486645904,0.603521495879818,0.847925830426941,0.525790174949668
0.584598817499089,0.542229682581756,0.833031906873943,0.446872124168944,0.912940668738647
0.855645995103358,0.857650663408821,0.45699097354681,0.87969102995698,0.250354732563934
0.427314903078798,0.404037752936246,0.89066836782314,0.330197704718106,0.634484264058189
0.844580160260743,0.811951611645806,0.304397396883793,0.785750120217781,0.823956690713231
0.433909449811226,0.509541740274806,0.764935454944034,0.554409190655843,0.4850005557325
0.871386936645574,0.891227324000326,0.6304087338688,0.884341775749036,0.90329961137422
0.379874253323829,0.324653079452101,0.805913517811418,0.346271635853397,0.278568294681443
0.791919649939167,0.75936825648678,0.54312223072976,0.778487859222368,0.734948969991503
0.537016941741223,0.595538389974665,0.851935073261666,0.564299943176852,0.673009779904654
0.883297342480623,0.856009262224885,0.417842678637616,0.838355782672153,0.785758363044723
0.337464835707144,0.401460891991095,0.86726899824863,0.463126811079176,0.543736763329609
0.767351791851387,0.840207485931964,0.394551033769283,0.84588294413941,0.898941650172077
0.602990237853632,0.432033958299306,0.831159341113513,0.452422602765643,0.277463085858167
0.809797468457144,0.84893294358542,0.459071972817014,0.847611761538166,0.706403733315982
0.506039870337063,0.409343983413049,0.912063407233344,0.420355900282481,0.700911954681487
0.869052785269237,0.829982400669795,0.238681516076595,0.852296222226975,0.711254269253305
0.356438228241996,0.470987296482391,0.649777641252196,0.424739035823829,0.709569713355286
0.840787295296173,0.887766144808867,0.824839827154135,0.887371895032567,0.718147521079689
0.439397886382885,0.326094610854079,0.478197941903986,0.316657547449738,0.721845021906996
0.873508574972208,0.805684068216945,0.831629992459167,0.730204752161096,0.657004599609402
0.353245497752541,0.536981404328325,0.476020712668596,0.67893358581467,0.800820430490364
0.82910109158265,0.871121713609528,0.915211982158762,0.728261592175106,0.558750736210097
0.487794090243981,0.351726249008245,0.246112282053387,0.667317943806326,0.832841577927812
0.914976321192599,0.787501335361437,0.678368612099614,0.742822927500149,0.486995431254431
0.242115427547144,0.546317872857926,0.738291014457455,0.639181928184675,0.901313500596665
0.673180212574077,0.888764178629778,0.669948661221921,0.778913013951285,0.281389189900007
0.729242236232185,0.306096619484838,0.765718955001144,0.58133680556893,0.716082708940807
0.655944216277173,0.748080336041281,0.60413170840132,0.811163203608785,0.695030575581896
0.759032771906387,0.64509198745812,0.856569989043115,0.519210350695205,0.728106149659555
0.643813568252529,0.762766804976366,0.391112515818093,0.874522823843593,0.668932808896163
0.769603127930408,0.603054705988364,0.817323035478544,0.345744676328535,0.755903277388657
0.594918799265554,0.863813789856526,0.505925212766851,0.796357454646611,0.618996953178507
0.806272907253648,0.400868371676664,0.832787562249527,0.552910001605252,0.842976315881594
0.510827974192629,0.860984369534752,0.477454642578011,0.859614027260251,0.455551357209658
0.860966822980985,0.389065977714706,0.885229355299987,0.4009544747118,0.905137723487794
0.398389074525752,0.860963670103074,0.332264504381675,0.835013321492374,0.275193615558976
0.813503036353961,0.385934744172077,0.774352313221407,0.464776577870263,0.677136310727557
0.497828627289138,0.868742494908543,0.589032882666187,0.861408629921061,0.751827822651777
0.860015891051925,0.374622666465271,0.858392281181451,0.37401140205856,0.627309446959589
0.412998491034637,0.855900136630028,0.389945409983142,0.780388808659835,0.809674776293429
0.886378287754896,0.408298854482575,0.84530692001794,0.580545200281846,0.531628481135052
0.334291778819686,0.832489158407485,0.424961610578573,0.824412138399483,0.886899604524458
0.796176292791887,0.477319676101465,0.874079815795294,0.483974125327302,0.311441643256361
0.560815815748088,0.868501442686191,0.371057805143884,0.880084998276825,0.791116220760584
0.82285203807057,0.358093216353007,0.78883266853179,0.34947936587247,0.563810428171655
0.481323559320996,0.829671848318656,0.55287735909283,0.836365134644647,0.876653617611539
0.885520301163576,0.478159962539685,0.902225420307187,0.465363198701697,0.357401176763968
0.328837065337674,0.854616197088241,0.281174371144001,0.90473110057243,0.798948184263227
0.763997666962595,0.431787167996125,0.692413558871091,0.270752477203721,0.519575159923722
0.594113877410062,0.898965394606934,0.746045674576927,0.719595495020709,0.886291996862587
0.820386613489844,0.28861589962422,0.661185509940833,0.719265517464697,0.316862145697567
0.477639027572955,0.700020112730151,0.808851667074878,0.718048578078517,0.788271169860106
0.893941024760556,0.699692972854316,0.49837684295381,0.687544422642659,0.567952505562576
0.295717603608185,0.71740824125503,0.872894470771312,0.725942960945235,0.838404354672327
0.764333801672966,0.70550519420062,0.353897899992041,0.691843741061699,0.454864993086606
0.642993034636442,0.730231868926064,0.830872852584004,0.758901670403716,0.889545302274484
0.812905526510078,0.647984507981034,0.472404663426484,0.647453010336065,0.308153085373029
0.519286420728145,0.822850232361606,0.868195813898485,0.79218677998604,0.736512941508948
0.905031563235445,0.502885121331715,0.376623638940844,0.539417792896485,0.672040817080285
0.278730826814196,0.841262455555884,0.839382072841916,0.840114996116575,0.782008452568906
0.673818807794311,0.457702023795664,0.459611737533677,0.466072452947118,0.562063553021866
0.728916657400336,0.859772041602499,0.905395065513668,0.906632196151522,0.878691893223553
0.707530397879078,0.386202082194018,0.269009550962829,0.266805867928734,0.3389436889864
0.713701268412022,0.869991620838721,0.660694028518066,0.691346991808661,0.782217223444829
0.736497750354138,0.387388079699621,0.753981023182253,0.735837555356088,0.573105788788726
0.683473073985713,0.792656885720617,0.62593837946883,0.65830700287508,0.890770459568938
0.746715165704726,0.569119609308286,0.835609078885146,0.768319942044841,0.319411485820877
0.677514614141505,0.873850261625614,0.463561892700751,0.592270842303814,0.771082739375293
0.721328835712063,0.354248132676418,0.848810284660365,0.860344511628288,0.584494328678671
0.678425130542367,0.800354311599596,0.409419553858164,0.375891283458512,0.866126992362619
0.769763215232197,0.550934666953961,0.879326658362542,0.814220154885889,0.375810933383098
0.576043269460402,0.898155627684377,0.343608113992148,0.493660003247869,0.819275972006597
0.890390165429854,0.283432235684585,0.756784110691857,0.900265415017757,0.506888000133362
0.32166664766169,0.687332129704005,0.59806868711879,0.271754515282723,0.843206470401517
0.79014167013221,0.765797322564082,0.83481693933394,0.669116820472512,0.437527935392573
0.578828144907644,0.614023171498079,0.438850961867433,0.752093089381243,0.862101548294092
0.880738042397792,0.843505201888189,0.821411948582818,0.631775496748462,0.373883382849509
0.359208596065304,0.446277477139401,0.469302255472031,0.786139371865022,0.819750708124038
0.787318472654054,0.853202368397809,0.8485666435823,0.571225476581202,0.498256775633384
0.558224845744692,0.422764681423435,0.443799874131542,0.877254311861489,0.872636613366549
0.875998994213035,0.83133933494874,0.834819129198574,0.348903875936163,0.373064149569493
0.350517970337984,0.455788078356639,0.474861916581153,0.761606135548801,0.833554900528388
0.781977030453046,0.877350860341254,0.907408275181945,0.624739287763872,0.478569663315665
0.577639174672011,0.350401083701804,0.267049746190247,0.853151047371291,0.867256068212103
0.815336055756113,0.770691019055542,0.69734944916935,0.412224992624169,0.361695575495475
0.494278098299284,0.626716248373966,0.748699201573885,0.862879248511192,0.837175940497406
0.911180624541606,0.801990407519001,0.640249090313741,0.390495980452399,0.451735369804241
0.266999851147419,0.525669018976461,0.772507682468017,0.800022063853157,0.895807047985693
0.664914531018084,0.905939737230465,0.596702541702683,0.545819141396909,0.312050251893251
0.733758273931543,0.274944643125273,0.87409041630558,0.862868367922323,0.765157676088913
0.68577885113592,0.735481957348234,0.360425122513963,0.391195880900226,0.623692330747951
0.753834114340617,0.662697138810164,0.800031711737457,0.797281451042114,0.792522327710671
0.617823201235483,0.760159280312959,0.550047845119236,0.563580442396175,0.578694862137934
0.80081040057039,0.634982687747936,0.884353995831453,0.830889565665146,0.852219858707839
0.516341959902088,0.819088121203112,0.32210065352365,0.46742381821093,0.421289934584863
0.900758943658521,0.482579410874575,0.803553849419335,0.861415524915673,0.879192442929649
0.274668559325122,0.9110387293119,0.516753864803669,0.403350112763939,0.337244197009402
0.683311043870286,0.247042316832149,0.870617648247223,0.86141510031405,0.74825856225118
0.736002582817545,0.676655546598144,0.351373920886598,0.405321933187869,0.642016874479877
0.696326411961087,0.754572495747364,0.813159622844793,0.835048506107586,0.817875005756206
0.699863923117667,0.648107289377452,0.488207343695882,0.461942125513324,0.505178492734945
0.709458137780919,0.810879900785426,0.877164584597134,0.875104012805527,0.838616371054473
0.723938601841496,0.51197734233641,0.358733148347723,0.344717773831789,0.443596914334058
0.687132081498131,0.842665912686047,0.81254356184152,0.755687384578284,0.838125721815479
0.747975334576783,0.433972299905606,0.516078297180231,0.636770787813219,0.459673084130106
0.618201985881687,0.85842294420792,0.893770287090843,0.805310505395084,0.863849466618676
0.841509438552397,0.418716031597246,0.312212783820524,0.541954416792309,0.393633217380808
0.453491240048645,0.852141056079827,0.742058693654284,0.856463068519049,0.839384539958365
0.826070266331344,0.428316785611194,0.655640068316815,0.387343726849289,0.468786931983003
0.476502196635722,0.827157776123317,0.770235591725148,0.864900450431631,0.90680922770775
0.886221240521945,0.492110861105953,0.588417694786521,0.371323480838988,0.278767818363617
0.336374544510274,0.842139419036399,0.872206012435046,0.809291745872268,0.725527813446018
0.798005745229323,0.458789749082766,0.368666620081408,0.508695750658823,0.699901818848925
0.569752298803068,0.8761507642704,0.802419265747479,0.850879589100878,0.705734045267269
0.873053675985866,0.363115836697299,0.540777096506418,0.437331485240733,0.705549277903511
0.366518028416928,0.775848682313608,0.896391404106762,0.887461732412631,0.686690685716063
0.779720708190692,0.602431199479328,0.291441117840734,0.322928357698337,0.74304015483927
0.576333843907945,0.812872997045836,0.718111449847905,0.739767494986005,0.672780991845685
0.841343266375132,0.506058943898354,0.729471163738977,0.626188311190754,0.758254648821947
0.423559776413202,0.915957919934453,0.700750039993835,0.792351827489335,0.602830930136493
0.862452427814241,0.240640731579774,0.690579542352296,0.539326412486009,0.850048097771625
0.38215201312578,0.622235749408481,0.757466367774742,0.868404101560269,0.423298390907042
0.79881065531035,0.783876218726884,0.64422350368215,0.387459090469852,0.887854473338578
0.564360609794526,0.564090045121803,0.766129408189618,0.808599347170455,0.337414259732401
0.827484554352935,0.872186130795252,0.610027087981849,0.50368239135202,0.757625612536976
0.492320865918832,0.382113119398022,0.814504429553378,0.839755962817894,0.613272173066818
0.88377634456605,0.795848708819693,0.523660484583858,0.451434138529328,0.812026796847296
0.331743460569972,0.529820099768823,0.883007230378989,0.853284259473225,0.510271421956788
0.79976166504184,0.854866393928496,0.319592739784649,0.433470014658892,0.844407613528132
0.53161065458058,0.394768191891074,0.791692284717573,0.822258680659174,0.420554861884086
0.883590794072011,0.827423341593906,0.567162568904707,0.512634802705111,0.872330547423397
0.32434645162147,0.485476119224868,0.829308362969524,0.854338842715481,0.379085778538959
0.763478978809653,0.849703052744895,0.491066401401647,0.424738427639631,0.816283509337974
0.605807330784042,0.407744761466099,0.898091226130371,0.84789900267739,0.498838855060933
0.809302957001206,0.818505017684262,0.28477209416495,0.411145508117849,0.898196954720048
0.502567469751758,0.491063064637924,0.730280280300806,0.855581227458572,0.288205411747122
0.857615525384799,0.877992404703678,0.707281221374633,0.414350048590262,0.741066602611368
0.388409030987821,0.361053758891666,0.71378212703318,0.812505581933249,0.632965970848352
0.831502454558038,0.824849314166816,0.686289200812533,0.524764786293853,0.838005317843244
0.459201072350837,0.461949696792853,0.757611259315764,0.858024377324455,0.457478024882711
0.899341407464438,0.829304849629638,0.654426842459001,0.383261700205656,0.87698926212292
0.300642803853875,0.451110702821774,0.786724966189609,0.853233668594478,0.354837562486274
0.706009916896666,0.860415432715865,0.541478375778334,0.418019857433856,0.790742292518181
0.750741987305488,0.386087329922695,0.88433861628366,0.892530284372832,0.550963392338086
0.663717546726092,0.837009327605469,0.31454782886373,0.299157747859564,0.859776423084824
0.768114454277403,0.454502585010179,0.740135337338163,0.745795496961213,0.40904893425086
0.60447619525521,0.852626153358252,0.667839104777658,0.636082799122105,0.888594173679177
0.86761897764443,0.432792930042611,0.753711320283252,0.822987490725972,0.324694525349065
0.380131520565673,0.876734116131402,0.647418613484674,0.482470144028032,0.773854802936717
0.803566220344221,0.365390186854342,0.828454176571688,0.870265562895177,0.612402072309799
0.524731935862683,0.838831170858547,0.459157761839105,0.381795258380178,0.809769274721487
0.829424728397955,0.432310631894882,0.897630761826893,0.867958945907594,0.511956971815758
0.497687310277928,0.883910647932197,0.292571979505522,0.368383606149541,0.903417747757309
0.842298868803027,0.327116336395732,0.728466051860357,0.813115369626014,0.282116788112593
0.423249359120291,0.73900264114058,0.711198578049742,0.513891907517272,0.727611057574472
0.864002494062727,0.660333707626451,0.678758211363241,0.881704287395345,0.696459815136807
0.398935736691187,0.802222078470035,0.73582090038068,0.347917010250705,0.730065415285375
0.849375365667852,0.532331671027284,0.689778097078338,0.821882205811948,0.68118624884003
0.419156456921004,0.86798433689445,0.767341300879281,0.498913865166555,0.740353775261745
0.869947339496992,0.362022955465338,0.621078098448494,0.905405908371816,0.648899489233386
0.373135003399576,0.794959457126464,0.846515048612618,0.267913376172051,0.793727048761603
0.798934241349165,0.563622406642761,0.428236856506857,0.67142304105318,0.569272864782407
0.520786122500815,0.851618833440882,0.845711526789691,0.771739878439841,0.872351721047148
0.895759211162982,0.424961463540312,0.433727469263675,0.569689302600315,0.351532834695302
0.311743810457685,0.88829134715187,0.878152996906192,0.895014332541438,0.792793746703112
0.732890948039165,0.328143393064277,0.331329319798009,0.290531972773557,0.53284041023199
0.675099748809019,0.812148750682476,0.742307344873907,0.7510338322809,0.849169709946811
0.777857600792988,0.490022375871664,0.627202187323808,0.619758596919372,0.404356797887856
0.57833168771681,0.896777989453662,0.848737882902918,0.838977351789182,0.824619759308427
