"","V1","V2","V3","V4","V5"
"1",0.808999256970173,0.538512676774747,0.770414872246299,0.747078351179898,0.51792176789834
"2",0.430963602123693,0.756243180673136,0.467951508045027,0.459282152466662,0.644939493531411
"3",0.890042272383719,0.642212363336465,0.90603525909687,0.74654489257288,0.786359791596972
"4",0.274168254765535,0.591537168562358,0.244623126361675,0.580105484314438,0.451886987230676
"5",0.67617384294354,0.864445940950067,0.495078410058845,0.684839890609585,0.889994438884275
"6",0.696216517623785,0.21454946017053,0.760717356686401,0.56215134256918,0.173952051985992
"7",0.564786782095476,0.507002805960788,0.497001079173398,0.741986147863465,0.364688938585769
"8",0.645137622269025,0.742397092050379,0.782214304660452,0.650516122691524,0.733237034771144
"9",0.696037462048735,0.463402338345674,0.501757718334664,0.744821038340954,0.490831924187
"10",0.720044616860254,0.793536148349227,0.843111807840028,0.603752424022072,0.672789627802797
"11",0.540278251341711,0.43553696027665,0.261583282501634,0.660156334199263,0.706588165215377
"12",0.789186606898374,0.726177150589043,0.646998741041965,0.629170914303241,0.70579889274569
"13",0.491244513776407,0.625458659518478,0.608507086109953,0.772010062152258,0.630545691983302
"14",0.879160717714084,0.790235686059605,0.702972384415919,0.521327434728934,0.760355597280058
"15",0.273210197785969,0.541112252517643,0.529220905436535,0.647360412108109,0.557077594315827
"16",0.547906785849234,0.85738552343851,0.648587501593052,0.646527649334446,0.734282042756816
"17",0.705183703281269,0.252799720541175,0.650992643480566,0.744765422691442,0.627554146469931
"18",0.632403447914879,0.564294336101688,0.802180054140078,0.565824251308386,0.675259346773145
"19",0.604876399654816,0.778011163473808,0.471804125648302,0.683242622065622,0.629484976533743
"20",0.791547216008893,0.495035525066895,0.669627888340145,0.740479457736036,0.755882089824525
"21",0.478768988386962,0.800285424146911,0.723782007191756,0.512266852915461,0.570804461720763
"22",0.72244052032534,0.45447806279792,0.594175581340571,0.739863771948977,0.861061874065395
"23",0.538128803728632,0.80485495485147,0.77466441771855,0.54316581686136,0.393316134994698
"24",0.75768136213526,0.389194114703917,0.470006486120411,0.642854316439089,0.684396026808896
"25",0.562198524677076,0.695578801681906,0.760458127808298,0.703901262736663,0.718382819986424
"26",0.64197414802625,0.541748623676684,0.548123610994189,0.603344260075072,0.587245019928981
"27",0.589561913211982,0.853698407087089,0.623757078211469,0.770871865284741,0.826661234239617
"28",0.796012436448181,0.390246411350534,0.705458156432896,0.479963717719241,0.400481671063236
"29",0.484616487440618,0.832824182815537,0.616009691354414,0.805951547472791,0.787894242252597
"30",0.688789686384015,0.406108574653087,0.797922104547476,0.557758773145893,0.489742566694573
"31",0.686443611437424,0.668943972675063,0.632921119720333,0.884103861696604,0.909244408733397
"32",0.530826114387992,0.655889031282042,0.68426943011935,0.299710295012819,0.274698153854531
"33",0.73177450711715,0.778027426781466,0.672009392380978,0.688009515371559,0.587658886853279
"34",0.563502245296913,0.444141276807285,0.618427003734856,0.636317953648749,0.677739953100579
"35",0.677688099566156,0.662315813756779,0.767333658997242,0.68579366114494,0.554765779140663
"36",0.662299753827498,0.612048832989629,0.556401681807058,0.537879354239132,0.7593086220374
"37",0.728481395897021,0.650248923613739,0.803427350003109,0.785400028792713,0.64586431936238
"38",0.421652912341755,0.705693991696583,0.532341815411934,0.429388105539868,0.669167146344438
"39",0.846407328745154,0.657082285687744,0.667270895057379,0.842735209894785,0.684024898346479
"40",0.302283935850747,0.610537587136861,0.63608229741429,0.450365237474028,0.648594249068635
"41",0.641066445961317,0.816639738026624,0.784504898018309,0.881892464743944,0.816200945197593
"42",0.594377745770308,0.357732408920211,0.374117009410721,0.196121144784521,0.393302057154248
"43",0.87376818294438,0.835931754264053,0.678644938930325,0.41397409326368,0.864456634880559
"44",0.200845898139819,0.469805547205731,0.613069917352789,0.628775584715973,0.365783007560187
"45",0.451047708610936,0.739476277283966,0.804466830456612,0.711570760411278,0.815979610931657
"46",0.740338981096428,0.539054315105588,0.392984288137912,0.575939031580981,0.354440164534881
"47",0.716582265632758,0.804716139402907,0.827280704876138,0.87483663252006,0.797178860303351
"48",0.562730054715149,0.476558232406067,0.304326034511466,0.202197633387467,0.440104683076618
"49",0.924713625620056,0.823348817963313,0.729219361792548,0.50130397314255,0.82644484916395
"50",0.192500702316983,0.484390418837493,0.554233623460538,0.670456393999157,0.412720120165047
"51",0.519704528916079,0.926451255596598,0.848629376807811,0.6684807169266,0.791737281011134
"52",0.769325239481102,0.121151558449971,0.414701947516001,0.612200588945922,0.498466255436721
"53",0.581895634377701,0.262096737385624,0.823831191621303,0.74222065063077,0.89436878278127
"54",0.71316294099916,0.530291070552574,0.503687409002161,0.538807027507321,0.166621630752129
"55",0.663110840829603,0.715351465977342,0.671042894114342,0.790067161422831,0.368084707606706
"56",0.719884125878812,0.649727464208732,0.697082278538877,0.393979989139962,0.639571952570814
"57",0.577815308084419,0.566775138026506,0.692379530380949,0.647030483765623,0.806450288486814
"58",0.831571006482591,0.854151160712511,0.720599132906376,0.623606123470087,0.432534328507194
"59",0.470167441745837,0.373969575556445,0.591787719420899,0.616503367445648,0.748135220493879
"60",0.72265843515435,0.588482169969614,0.693310758155886,0.622670676961352,0.561682454794491
"61",0.479407915230836,0.79019160694524,0.63057247935083,0.671931178488282,0.872943389205856
"62",0.868506136310108,0.488700651333169,0.631568521626916,0.583161188452775,0.367505006740443
"63",0.342492971399685,0.72443790872996,0.815093123678876,0.641678490120752,0.718339706821107
"64",0.580690242106527,0.58455870074821,0.32886146290728,0.647407448506431,0.537990276941274
"65",0.784422635180523,0.718931122089015,0.59444837959724,0.758828615449029,0.693480924459984
"66",0.474729412556984,0.552857871231395,0.812320808692011,0.54942710540947,0.65051741779673
"67",0.713817689209254,0.789586801209486,0.432715125218603,0.81501998011043,0.753998507420215
"68",0.632517658515057,0.609749692762161,0.770237316948283,0.359028655640129,0.538407439879241
"69",0.62890995529366,0.635991708194217,0.456966844738811,0.651175358327659,0.725764186788057
"70",0.785101014523884,0.743768944999203,0.698094505001862,0.620100847432778,0.753197808893968
"71",0.45426635001018,0.609327310544963,0.685360259202186,0.737826502347748,0.604163648121507
"72",0.760521223094274,0.780114353947825,0.769561559029393,0.489024191900075,0.818946426163186
"73",0.423142474477958,0.461914864519745,0.501919867816182,0.827282571134336,0.332428078164947
"74",0.68113724157991,0.748788231127319,0.783373751276011,0.442366853967112,0.635292068084613
"75",0.704660459948566,0.569916516097995,0.521386914223096,0.749113531393311,0.63495467341042
"76",0.652946405425904,0.835312241724499,0.817751372356655,0.568338218254253,0.649330650842043
"77",0.789261458926971,0.398996611901298,0.471828903359958,0.692531595991991,0.624538999538359
"78",0.527630361569632,0.739335157241501,0.885008624454738,0.617040245951734,0.792133045057502
"79",0.835472314739985,0.576972431959637,0.278887417331025,0.616876945834132,0.536328784541589
"80",0.392606655614737,0.854622810050924,0.611220665631561,0.672557961211447,0.819483195129933
"81",0.68566052990543,0.393702646227412,0.716220135446771,0.566693098006414,0.52975913228066
"82",0.555775261084442,0.761370495656728,0.564748820165532,0.716182551520806,0.830987748603113
"83",0.756541859585673,0.451140593817557,0.73050656717526,0.596056172835176,0.294920156383639
"84",0.598734522480926,0.775112251212415,0.627104330514982,0.761603288143683,0.689259436934534
"85",0.659009496370648,0.388968244413554,0.759194968422001,0.600142299326785,0.544575258944342
"86",0.657873083706778,0.789652328902076,0.530143262569169,0.826888746765174,0.839262676596995
"87",0.716039315584825,0.442890401783043,0.779929688498289,0.361147375378785,0.263590002171689
"88",0.639425348159077,0.79303241194373,0.498757866530274,0.687013982860595,0.540374262564105
"89",0.828298405111573,0.435735707416417,0.85751018167679,0.5676996235768,0.768655219899452
"90",0.455467160980344,0.654518434014908,0.406029297291242,0.727948942302096,0.532660844713033
"91",0.705006007350327,0.704575996046561,0.694316675837583,0.52602285398294,0.798212498413603
"92",0.51192640284152,0.647583238625261,0.555507955825284,0.808545086532821,0.374118970239468
"93",0.71066752907767,0.673513496137018,0.804593301603357,0.500338382129098,0.64886613704563
"94",0.545410977902272,0.563564306220171,0.385758414722182,0.776284235572271,0.692221836237987
"95",0.728019393446903,0.886932285888691,0.655544407007116,0.681837834339927,0.613767325192822
"96",0.484260172431388,0.289247306817937,0.591026353588514,0.737721784939957,0.726471042915688
"97",0.763732014357755,0.706373810125954,0.796656217404512,0.644976480148723,0.61381948602879
"98",0.486881849759581,0.54607301990588,0.501219602485419,0.695955080660124,0.670235592393194
"99",0.706418180423026,0.618949846013802,0.718921846538954,0.578716040308924,0.723353598416431
"100",0.647737709410406,0.800801602642159,0.51900191418578,0.791775246709238,0.586214965446232
"101",0.642975818420639,0.438446228657549,0.850643881747613,0.337696448219799,0.802736641829592
"102",0.762016694205476,0.701482013090843,0.371933482438994,0.640165637476764,0.577772468686131
"103",0.511351783072832,0.660719812500983,0.710679815904975,0.705808221125546,0.784633765087629
"104",0.694914197544662,0.692978010632167,0.452896724592275,0.656020577017498,0.435597226605428
"105",0.623326180281411,0.708828304376468,0.708459894392311,0.654068243354451,0.672253984795389
"106",0.732420561332362,0.605492501204787,0.639049353810208,0.646482175880334,0.572198151940305
"107",0.503394240900812,0.721579879405285,0.608431831729071,0.624776096875045,0.635266711671374
"108",0.741527736720358,0.495772396104833,0.718811137991983,0.661501636570552,0.708815208402145
"109",0.491698240771441,0.721697950172588,0.602850810039749,0.698485221239081,0.584310478122411
"110",0.80433244934319,0.567888418911856,0.771518853231839,0.626779906721116,0.856227058413168
"111",0.395437081669688,0.667645108167561,0.517185761954946,0.578843198976283,0.253031724745924
"112",0.806962703616687,0.682132505171264,0.856099984998079,0.683213340655387,0.525545987119819
"113",0.343557126793468,0.647999885275882,0.326396693220605,0.67308543316526,0.807967922720868
"114",0.703517104020945,0.718210152672379,0.671359205201125,0.70873067279936,0.392484414234155
"115",0.631214960195706,0.578228528469028,0.77770270223147,0.600419760425992,0.770595057847837
"116",0.656939213270007,0.632729583419218,0.550997985734462,0.725449881229864,0.575957148765253
"117",0.570788328736115,0.741287227849625,0.771480448951738,0.477110287402384,0.612660086760668
"118",0.680057812430669,0.601134813700001,0.607473135089915,0.816245728755758,0.78464457107626
"119",0.631967281513757,0.803756310059958,0.75538586850083,0.490800266130013,0.41314875877296
"120",0.738009114351637,0.405509185792597,0.525647700838763,0.73867986643554,0.814533698921415
"121",0.593702708787543,0.781594789796667,0.779243916288221,0.575892240724954,0.516631517918523
"122",0.610685326133283,0.522341892330155,0.573096978950153,0.681663214359719,0.737487582171546
"123",0.645049722235789,0.827940552325887,0.704533577245617,0.650463390266243,0.661622481095194
"124",0.623522075246203,0.364413898432961,0.605022189669573,0.700194199001822,0.75137835091807
"125",0.650784911828428,0.780295329034314,0.63619402886179,0.679402513173865,0.562385067463265
"126",0.697393812650048,0.513381555172348,0.696196444606443,0.712890089400796,0.85639939760401
"127",0.707279068926178,0.714737662377286,0.749278705234223,0.666140970610663,0.39002674127469
"128",0.734441894303804,0.539051145171583,0.655701044279191,0.714782977477915,0.674497044881359
"129",0.691602284130112,0.698641134075107,0.72026307826799,0.571102230675891,0.736393645373406
"130",0.600811946018859,0.540954709936236,0.465857152630331,0.834900454011126,0.683791763913349
"131",0.843397748265233,0.647424072197782,0.733171200901153,0.377105102966888,0.599622229570735
"132",0.399275084186097,0.693901725982162,0.669893609786673,0.643424262607735,0.74944800601848
"133",0.77244479906343,0.73951953743946,0.684258259588161,0.703818857516624,0.566514793497687
"134",0.488225385465302,0.604275907244492,0.569379600883742,0.62948714348834,0.627928829180611
"135",0.880246423204639,0.779514025888993,0.708627742922989,0.623288555384055,0.758209234059866
"136",0.351845406054659,0.42089414047023,0.490776596115183,0.733111806637265,0.483690771246533
"137",0.827511905453951,0.778449276908948,0.89467328196147,0.597019593573659,0.761768654088088
"138",0.429190533997159,0.399789417178063,0.248172525895915,0.751557430775063,0.444747311937915
"139",0.762995109241491,0.650895736605605,0.591351788366221,0.600326989736425,0.753424104884365
"140",0.424421253687167,0.670248001318558,0.700643181350385,0.655740978565938,0.511124055204494
"141",0.674551629599092,0.702334215078189,0.67621946661541,0.782758579625987,0.814384689461264
"142",0.560606676781702,0.567239138550206,0.52857238893894,0.424097403376668,0.504321414801272
"143",0.747161117277717,0.663959446242246,0.790273991222344,0.693590723291323,0.786036639076398
"144",0.412750066322694,0.517861412116514,0.425598952443369,0.659222088130472,0.366713007096109
"145",0.652256329405732,0.877413780160119,0.774481214847447,0.568229332237799,0.723865362686632
"146",0.647805551842798,0.178389624079701,0.49002694532538,0.779439835515175,0.504593471371288
"147",0.789590587546262,0.361580817129265,0.887772892108456,0.514713723370653,0.913359382127486
"148",0.407285390630326,0.62998635127093,0.229783511472406,0.780004488971575,0.258806530291926
"149",0.736565213176143,0.778279204893721,0.483715956562304,0.630793402465926,0.581938211380735
"150",0.543675417288348,0.555017095397268,0.695614036989298,0.701768959964298,0.730048390680491
"151",0.844653492506356,0.792711230228648,0.617697936231274,0.633117028690933,0.635238342665727
"152",0.399817043676302,0.443563672454918,0.71414908963794,0.709018378816248,0.748057230146898
"153",0.751681005417401,0.815008508006847,0.514586655021937,0.521529206883633,0.478305270534344
"154",0.590850836454426,0.479563621832275,0.852501342413375,0.789356119978687,0.825669531318614
"155",0.709453948704286,0.760951083749482,0.344562414755324,0.379216286847324,0.433108216227064
"156",0.703223874317663,0.492361318585149,0.58731083192362,0.688143206151266,0.776098650295746
"157",0.711887315245649,0.688237681013452,0.740881475977641,0.576653119813664,0.563441364216664
"158",0.619368301258545,0.714011206400997,0.501362567588747,0.62129075228895,0.654497430568943
"159",0.712054395198375,0.702435041948483,0.634712090826654,0.639830315916688,0.717691915353054
"160",0.622241940725384,0.669343353483443,0.763292724371934,0.809616787143046,0.699845826156383
"161",0.784700210887546,0.639194667248362,0.5316627533914,0.560493331064424,0.574815283667664
"162",0.622389690887329,0.722768560871389,0.769142599805122,0.839676544861984,0.829848610077538
"163",0.732955515731257,0.571557762115206,0.500074929747745,0.446562510420946,0.388111019607425
"164",0.634465371558267,0.731029154710681,0.857843387382055,0.689128906807283,0.666462770338861
"165",0.67161007129611,0.497769564158399,0.467147901652347,0.616027291649945,0.658600415682459
"166",0.657560487955752,0.888254284506716,0.827986060361572,0.614665751718827,0.719438401684886
"167",0.696019203535318,0.260266010101192,0.356402476216755,0.749303605787018,0.574864529485742
"168",0.718151701001286,0.583285130540937,0.822500811071338,0.521275767304432,0.856166629625358
"169",0.613402474085803,0.746891886601634,0.446854788973338,0.731419138662608,0.350826382141161
"170",0.799085477884031,0.500522614482993,0.668448290644611,0.44605180429635,0.624312931024084
"171",0.372654333658251,0.797703794119342,0.68053013695623,0.87007864874403,0.694541575535227
"172",0.572479817840001,0.437919764036287,0.58854100638634,0.389550603811464,0.700264503618288
"173",0.759377395949959,0.804989436329427,0.690651258466684,0.680856745292246,0.715799040347237
"174",0.442712131022869,0.4734112618227,0.680908201575711,0.566073148728751,0.535426079283475
"175",0.899766440157036,0.676033988800591,0.701870561956425,0.711024025886421,0.862140310062953
"176",0.230100292161862,0.674058558338856,0.560025882893128,0.595750027411522,0.307690064500662
"177",0.558772269440612,0.824410551174413,0.685164445999496,0.789317057473555,0.62450679733884
"178",0.795473124962787,0.465324388154812,0.578928016927603,0.429054795355375,0.62821668520429
"179",0.41728161870683,0.853486047534711,0.8068433529894,0.717266263587552,0.73208972718187
"180",0.661990643542083,0.420343160763978,0.417066109332074,0.619045899125774,0.591728003300351
"181",0.603765191488058,0.706561934495957,0.72887745549422,0.777269284198526,0.649138891033244
"182",0.776921682055937,0.596988165865794,0.540733656423791,0.339787481572298,0.719835398545448
"183",0.557070098192191,0.766804885228625,0.689679945427648,0.709585423558091,0.548621763550057
"184",0.67081344896836,0.465144069372673,0.624963017589252,0.655792471743915,0.685844085054523
"185",0.639676976298341,0.810768531667857,0.656073526222241,0.705189392028188,0.798178379232525
"186",0.690582550377735,0.304555001131343,0.64516041976319,0.578326790757874,0.588779746110816
"187",0.754692975812468,0.639073007703593,0.76962267877568,0.674497804700694,0.652205585104316
"188",0.481311669681885,0.704871844585019,0.448224023257697,0.561604015083958,0.551392768393191
"189",0.738737527116117,0.695694336741333,0.821967889345149,0.843948806277545,0.854664530692165
"190",0.655174359584006,0.580373239893048,0.265852861556355,0.31865183618995,0.273566734033431
"191",0.658132046837301,0.775147989142886,0.628706346816613,0.687462290111303,0.585042668310774
"192",0.618333123543702,0.408125859193135,0.818067848762285,0.621251757006228,0.667449956231844
"193",0.743848977984833,0.700981379757366,0.386822663662635,0.701049145780751,0.723382328093225
"194",0.54228778219168,0.576998701818291,0.600458720938127,0.695523528790801,0.509771484042641
"195",0.743600022206696,0.738727354298852,0.717957032138779,0.555586247503175,0.864953116116835
"196",0.491860563228113,0.539044617641362,0.524990042380292,0.680921390871359,0.310574765391642
"197",0.844721755181273,0.716706218796852,0.742955950434957,0.658403244709516,0.605581547210699
"198",0.346370478243861,0.542338556709704,0.504837017435498,0.573873300397066,0.587940434806894
"199",0.714073490864438,0.683675969505183,0.877259618756498,0.657693246211071,0.777063142692594
"200",0.555970754827875,0.639789634593678,0.222291174199066,0.680596093738442,0.367544218975309
"201",0.887187385482159,0.65370788291477,0.5049823140361,0.67051483391284,0.782143145242326
"202",0.269071252208979,0.664782395077402,0.753502677840703,0.60303037089134,0.477239713491911
"203",0.627874367751784,0.641931847730462,0.491233731307931,0.739924212251566,0.67753223936656
"204",0.647411785232374,0.70173593876825,0.760783390044081,0.538453695991123,0.630729998585446
"205",0.651357946160043,0.637919618741432,0.42435574857843,0.847368138239115,0.64446809004714
"206",0.613366688229899,0.743038755685593,0.795056233025193,0.361567302813598,0.733759904641079
"207",0.613944779405602,0.514917669553451,0.308927414682584,0.709461544523692,0.579505244765402
"208",0.725073358192087,0.816448115257396,0.587737680234494,0.571657740553033,0.634522694916729
"209",0.470358720775238,0.455348930885016,0.763957879994267,0.748545308726161,0.647055098845016
"210",0.909185044532705,0.694555861426774,0.549334991599468,0.555322215327007,0.82573336516547
"211",0.281679342453862,0.705385456915788,0.853575053728399,0.748143866180512,0.411434874128419
"212",0.545548154103359,0.623638995326867,0.383418285354816,0.598334352525797,0.740283219574301
"213",0.816960427777171,0.791337229029917,0.7603119987958,0.729550404168089,0.504241725904339
"214",0.438347885915602,0.523790300934964,0.515160474016775,0.62650123031687,0.728046450187766
"215",0.712270679374959,0.718819532247915,0.9120534460213,0.747718623250687,0.650427263443432
"216",0.606072839249075,0.585060134603474,0.235430643579021,0.516677469485368,0.642620873984379
"217",0.751593532471219,0.815188344679297,0.494630955342666,0.879978077579637,0.710000314261672
"218",0.588116145717299,0.430999734845964,0.791280162232828,0.167182270499304,0.637531633512089
"219",0.671443424650819,0.808407227232744,0.519526190926633,0.442356682203568,0.668814829108373
"220",0.58315115255288,0.39069164961736,0.872917015166174,0.699814363137387,0.66641540750688
"221",0.697794327727228,0.648156174024436,0.368854706925108,0.525884534340258,0.683692641118258
"222",0.803050311489183,0.628490402908858,0.747190639625622,0.750762900737526,0.599154376389183
"223",0.47365988594284,0.692826829923522,0.463222535788098,0.584405384867354,0.681400135826411
"224",0.696483871223233,0.703344533898597,0.843682711726503,0.650685354549146,0.617685702004784
"225",0.577886149087735,0.570096908947153,0.264081587088799,0.719788836829109,0.73917569028849
"226",0.777001520697886,0.860673259022317,0.549863341886966,0.769138553016323,0.632842189058576
"227",0.55298832155864,0.307661877784201,0.835183267000322,0.546288567256523,0.75627220919134
"228",0.780834232961342,0.699315773950507,0.488075942642286,0.650143609337995,0.557920171020442
"229",0.434375315749957,0.639029185337276,0.62960217051802,0.715230523171309,0.639382588607403
"230",0.836458729212227,0.702393467757256,0.75835780201368,0.517300246391676,0.578452713581437
"231",0.43799454680179,0.533386555630444,0.572604041957276,0.815617361485872,0.672080174020224
"232",0.645965774199653,0.741758022309787,0.640721044116878,0.326046108978829,0.697728380043246
"233",0.618300817403005,0.713901485750005,0.593797476911639,0.579139057495341,0.70651103240363
"234",0.677553220397457,0.588486296723871,0.769122268935019,0.630261407031731,0.548777794427362
"235",0.592776339112603,0.701996707481648,0.538902857019582,0.629328879370036,0.747473074765012
"236",0.81240079414756,0.679563569163188,0.870334995528306,0.65906841570546,0.513540704607963
"237",0.512413667108375,0.585454535476878,0.333144752511805,0.614698511922925,0.787893656962516
"238",0.726937023951095,0.713958617451522,0.605650622422601,0.63786929315333,0.46972873352225
"239",0.597415110601815,0.484477744640829,0.753769015838455,0.787870922027324,0.717641827591574
"240",0.835789045813003,0.840804715853939,0.472781565647303,0.597479126950152,0.66695199784262
"241",0.392772635002901,0.342289459030483,0.803524782493617,0.793081872155546,0.597405435547979
"242",0.813576090882331,0.611504598815752,0.338309833926632,0.51684964953784,0.784304198840526
"243",0.467747558638141,0.749768201581624,0.753233272531238,0.799407655643485,0.478327699054163
"244",0.76697345385157,0.623127703367608,0.482863763877543,0.426843572834616,0.650225690278198
"245",0.488771708421208,0.842020650683417,0.676714729597554,0.839803312595246,0.69487163833467
"246",0.812606523267796,0.426859630377602,0.76839159232183,0.447124713621356,0.500725892223908
"247",0.401788088456402,0.7982118844099,0.645796121830658,0.739285912963814,0.847755072438385
"248",0.629053526979375,0.423158140844661,0.565215057196444,0.693170136586378,0.275472178437985
"249",0.593749721397373,0.79266979369893,0.736560585518682,0.743966608419599,0.575992270829192
"250",0.671951893576104,0.341143005440983,0.553531289874816,0.529069836744406,0.827792501067904
"251",0.599440233101331,0.646886753529911,0.801320325270485,0.885271625622336,0.346739047618953
"252",0.860710262928542,0.638750445783181,0.417387755130628,0.2517143612559,0.741812791440097
"253",0.425581604549929,0.795975719190603,0.683356589923707,0.57011449231902,0.53786429483602
"254",0.668626897020647,0.363196780881222,0.712360936483521,0.680373328678955,0.899734523911858
"255",0.583390787654595,0.675191927459277,0.667045016498337,0.602419841323822,0.243489886414758
"256",0.833137156826783,0.755772263169583,0.598731360547559,0.712872390485474,0.508985636743855
"257",0.355200620001911,0.605136843488731,0.642710959266358,0.68054014336992,0.765679784182795
"258",0.716740132554027,0.831788101017115,0.718165545930224,0.703871301995461,0.66279378554811
"259",0.511142847330904,0.400457054001739,0.657943350522811,0.511174880438935,0.660011708543306
"260",0.728319229246051,0.782326927674648,0.603448291054917,0.771516647874746,0.601882268101313
"261",0.601520166773883,0.430934628228684,0.756994940006284,0.531109459934086,0.757087735458417
"262",0.693589340671564,0.700631327312819,0.641766842200542,0.870351116837031,0.562656252761067
"263",0.715371995589204,0.622152542037138,0.573133343219093,0.382318510891748,0.868642396549569
"264",0.738432508947517,0.70624482392681,0.63582728205322,0.780603090834721,0.436590466949507
"265",0.524484829891167,0.657023802059301,0.604076386907288,0.541180011711614,0.829676807854147
"266",0.75257421940117,0.742198849950344,0.76843212724279,0.615073135811896,0.428082251858981
"267",0.516398870876776,0.635758747091693,0.487301189606766,0.65207686557841,0.66823643893551
"268",0.712396935166267,0.614067297137459,0.766980815734789,0.656893021642522,0.729626748364503
"269",0.541070458580203,0.687741347095789,0.480976616349897,0.573692981499601,0.537060708506903
"270",0.833457520537896,0.713488871276556,0.754070992119391,0.819927169967613,0.699124988391253
"271",0.300373766076338,0.55452932076594,0.592347638755249,0.400376862207989,0.548230563866127
"272",0.616171884921486,0.844751101046969,0.73575677749289,0.836064170084228,0.894990865318413
"273",0.712029277869975,0.254906934994323,0.583058427365279,0.311111055516734,0.146512716429173
"274",0.69232502456907,0.528195112682567,0.827656426318362,0.679639337121926,0.33959586804687
"275",0.555136088739257,0.882740227483573,0.302575529509699,0.678052033052862,0.70033709951417
"276",0.802261440700214,0.397086490031709,0.595033807520679,0.546096695236746,0.620909156010786
"277",0.558887525523467,0.601021166614084,0.768981561342515,0.842680751216291,0.664672245450953
"278",0.799699035859116,0.737447818433155,0.57035780402686,0.332966368975746,0.618972784607839
"279",0.360976343845281,0.64755050340216,0.81651054763341,0.647547537299362,0.697483138061805
"280",0.735224420965353,0.627194457742007,0.443254613955458,0.764012968116443,0.655372358356581
"281",0.572719768838644,0.753045741300672,0.646968865749228,0.55448599992242,0.561445966478523
"282",0.842634618999741,0.563720427110602,0.739718643038717,0.771906713528496,0.73142916760696
"283",0.38675852893861,0.673005845718704,0.546478586196101,0.461579174508239,0.60931818911283
"284",0.710244382233706,0.743357060745488,0.8355614083255,0.713604992146862,0.666470347256444
"285",0.53601325704988,0.483567507157793,0.375461809398468,0.577180196379163,0.618033162363241
"286",0.806169907208938,0.794189089773248,0.748137391896145,0.819643952549352,0.701078865692818
"287",0.391260262432564,0.396761765588937,0.547125622737829,0.458734980696774,0.711523099889406
"288",0.676847884597365,0.701848581468662,0.77219773654315,0.843583626334128,0.606113580169297
"289",0.610434462783913,0.541697528371304,0.487315207079789,0.309309463388508,0.78483925164776
"290",0.708920034511285,0.799088790853955,0.859102069289748,0.581307905081292,0.539365504340552
"291",0.488310668805104,0.528741823730141,0.381203603277726,0.722280789124471,0.671903012924151
"292",0.880130613217865,0.833996225510614,0.710080032128076,0.622762388093579,0.780561016090099
"293",0.335339724529226,0.39305906576476,0.600008575071727,0.604763858428886,0.562754291026706
"294",0.654465418687925,0.69345629919593,0.778939351958749,0.739930808107391,0.710950922403709
"295",0.682874316433759,0.593032392457222,0.505287163527997,0.483724579381861,0.541636653490943
"296",0.677714686966829,0.760903571097802,0.847378183244645,0.765738524063914,0.668191864883593
"297",0.631897252453212,0.53466946505919,0.232672879602873,0.442687710368209,0.613562208325388
"298",0.823513846099398,0.792058741799334,0.575882961624308,0.866654295896949,0.764558308949716
"299",0.373756870023537,0.432104829797849,0.656070620905327,0.262711438987609,0.504252092333869
"300",0.736002019541968,0.749934384130755,0.670913479506769,0.535655165441645,0.773509512133007
"301",0.568249682823171,0.529338338486811,0.736004738474401,0.788080353360385,0.566658833429038
"302",0.807301508896156,0.801966201519236,0.528136388742761,0.487195172934841,0.769342228360448
"303",0.407197569731724,0.354373731305963,0.799044061086471,0.621761008407088,0.513914615341475
"304",0.78734585014728,0.780889832828687,0.480043873902749,0.773276645258433,0.846486069246849
"305",0.409345729868772,0.44506069822586,0.638838190326394,0.563721235370796,0.452120353744112
"306",0.837043659963244,0.84314159087713,0.722875260799265,0.731390874255591,0.755964854800735
"307",0.345941326382523,0.394302437737938,0.425033873779641,0.523707178483978,0.422416697441576
"308",0.614705223236078,0.870586473457882,0.693677832527797,0.706023958207812,0.836915980459575
"309",0.678735198714753,0.310091744397209,0.60010991429471,0.5568465744568,0.353577257890865
"310",0.716276546818172,0.661936039033287,0.711586103802349,0.766711062763082,0.771267275420699
"311",0.502881952884573,0.733434658367924,0.558090219944882,0.462168575727537,0.533094814020248
"312",0.664402969213665,0.605303510997343,0.788436943481819,0.90855444006455,0.787584174848496
"313",0.631418854333895,0.682437650612979,0.423545476392468,0.295720649816777,0.38137276439479
"314",0.759298876101273,0.708425827861346,0.711394824450923,0.603109827313271,0.788011391538496
"315",0.478530256537354,0.539068645451381,0.525030104876575,0.706966510914192,0.402237954383791
"316",0.886681913183564,0.814886825473871,0.867307337128078,0.597320420099285,0.751541350757596
"317",0.16868035933486,0.502004922142269,0.300108370814648,0.78576546936374,0.638727173884191
"318",0.476755605308495,0.889813997331991,0.667110999561558,0.479453538930784,0.646111336195618
"319",0.737595874757384,0.218571443718651,0.627821045609394,0.793144452220041,0.699534327937676
"320",0.568904503372009,0.43401192604823,0.660907878026795,0.406674039000971,0.793324592302861
"321",0.833863348744094,0.738747448753558,0.626922599507858,0.733672214609496,0.592492438158799
"322",0.449600134305238,0.597219590945383,0.643523946463187,0.582558694650109,0.704437005732972
"323",0.778967798388651,0.761290248082542,0.712524749546598,0.674699117952734,0.668103743322697
"324",0.460115912657356,0.493364195097487,0.555163713990081,0.565425884476122,0.572527122736593
"325",0.822816154050181,0.779141191668046,0.778006112533424,0.764558861115063,0.871273289605436
"326",0.291794316864673,0.432327916422818,0.436524410967212,0.59187768686148,0.284388001272996
"327",0.599559596819286,0.662940541161567,0.762725501244188,0.68340624020618,0.599883979189572
"328",0.821484760808788,0.669663604141701,0.375808630828156,0.713182665279421,0.700516320899893
"329",0.457719175881085,0.703479178255694,0.788339573982834,0.505295816516412,0.717439770633028
"330",0.693586272927108,0.747307110733097,0.557109496087106,0.733651367190824,0.521682288667047
"331",0.625850156845318,0.576176230755896,0.674869285888295,0.607575065153684,0.827943115417845
"332",0.747343884062244,0.754385575219148,0.577936919286192,0.867133275669388,0.321642610549878
"333",0.563536638692107,0.567226904287099,0.803310489419495,0.36435230949105,0.743884616765354
"334",0.842392609075088,0.677455926515549,0.550279465349351,0.625886700527628,0.623377301155024
"335",0.416321460885111,0.583174525624273,0.73955397515472,0.733684473663597,0.694552460434301
"336",0.729761425717555,0.735877599054155,0.542453409653008,0.60906295342839,0.531322606340072
"337",0.646335996023927,0.617646858163934,0.770124034774791,0.651456806004624,0.810787950521787
"338",0.802279224601489,0.753751885790036,0.474681045618304,0.67008868161573,0.484163299592131
"339",0.565779161149558,0.511816077076411,0.888055638348073,0.632671063953393,0.741812487668902
"340",0.672077297369511,0.782752211742774,0.358533875026925,0.759840573928226,0.513773550379426
"341",0.816051886218333,0.523756641917584,0.693968287868456,0.561570419717659,0.763132480089209
"342",0.426916120350663,0.726742147934676,0.544757834012709,0.790171136681933,0.514276550124932
"343",0.775116662752776,0.612948691110523,0.762533775656452,0.45150087664088,0.803791900729887
"344",0.495936113079439,0.76004784868151,0.555783287655072,0.862979238626847,0.472135462589403
"345",0.738681347184597,0.498355140450464,0.803298820704335,0.39244378707361,0.647200098548837
"346",0.553696498489747,0.712722927567037,0.461580763704715,0.598230551770936,0.69090799911097
"347",0.770021696910605,0.515680554265279,0.77212156738559,0.698246896137693,0.675753078256666
"348",0.412232445978593,0.729406559884968,0.551710565757737,0.576573810083111,0.693844055035708
"349",0.782756435118503,0.496062835177203,0.731013030536487,0.702758441425216,0.553744870073664
"350",0.554995923225808,0.773445290843947,0.676420561938493,0.573218293168885,0.746782192570243
"351",0.628427685829651,0.479097127834304,0.577051924757407,0.729118252343752,0.599210281274719
"352",0.762182291388628,0.742913051413969,0.730445612670238,0.573883469099396,0.664874013130489
"353",0.48746544256811,0.662554567893635,0.426311653938625,0.718645139011328,0.709456103256878
"354",0.776963106775339,0.62930910764088,0.678460320258865,0.596593064683675,0.728841070709487
"355",0.470514416859523,0.72184112111349,0.622663115308409,0.801884266021204,0.593899801743203
"356",0.774316181279866,0.575480905069774,0.762834776552694,0.503629506658767,0.79320991836386
"357",0.455794305556466,0.653683665070959,0.557277337578558,0.736486315513185,0.416979897073644
"358",0.728593700966503,0.629107990481059,0.658030634253815,0.548917329331491,0.864188567354042
"359",0.526810082855161,0.557763495538345,0.666795654308935,0.632186481582908,0.362601832592166
"360",0.82221527189134,0.674206868530287,0.690812521013824,0.737145283690432,0.692075703537963
"361",0.379809954472714,0.65185313943002,0.580249900720321,0.42646175332322,0.519894836284131
"362",0.832001797157432,0.698817493778518,0.639927756974167,0.704111821797888,0.796191779403866
"363",0.445309427435358,0.689008329301452,0.563336530850101,0.577955294668916,0.375594794916172
"364",0.753739824776077,0.538207643574084,0.804051162391414,0.821278402097469,0.647517573167109
"365",0.448169875461082,0.611772165937115,0.431129049298209,0.506831721022782,0.662370194193456
"366",0.811468297840789,0.677788933522569,0.694592377675995,0.763896315881177,0.641731698341243
"367",0.294559476512108,0.603629246350499,0.629306957968356,0.538989883330967,0.575095614537735
"368",0.731743217166346,0.827974090194322,0.694234449553115,0.767886441221274,0.712990809541608
"369",0.62405679188759,0.368436702523396,0.665337962235252,0.457365385865283,0.583928634626465
"370",0.654610362483904,0.689424929834839,0.636035673360876,0.697031855922547,0.742961760541957
"371",0.62906656573254,0.685293383780551,0.645728230334068,0.620754934475466,0.59144935044682
"372",0.577018187102419,0.578348027109229,0.649875465826523,0.737729219173589,0.743532458051741
"373",0.767514535567301,0.784254002333252,0.61289561668092,0.623687368431465,0.59985125439257
"374",0.423052739239415,0.461486278604616,0.697597634782156,0.635512779937338,0.698380878002296
"375",0.791531527641574,0.796178937875484,0.596708305494522,0.85296907787606,0.77580688516023
"376",0.457968820911823,0.464966626943909,0.735130018069317,0.376795733649741,0.563284564355372
"377",0.786880297078205,0.715312367460758,0.588599113851381,0.630751006538831,0.716648311542836
"378",0.447121961421051,0.597647971766538,0.643950874527884,0.712911991683204,0.561542911205851
"379",0.734526560659582,0.623290378214129,0.780151402593112,0.555664548565119,0.69459063577742
"380",0.525755784936849,0.636002059579684,0.473753974940228,0.716625978717099,0.709545061167109
"381",0.777430743178802,0.735509928601311,0.76107747486503,0.630598211986412,0.740221712058488
"382",0.457598685540387,0.539177324131367,0.404703389646608,0.718050035597187,0.636657383610933
"383",0.834007040005836,0.703881808039468,0.808428325923495,0.592400178060506,0.664304188808213
"384",0.301621335605587,0.681523237791885,0.41319136248486,0.709581125372177,0.759274981902311
"385",0.536025415603087,0.554730914695353,0.765330254586044,0.562160659925845,0.531105252979171
"386",0.682035108876764,0.684714530000762,0.542542073118624,0.79108950379979,0.857247872386933
"387",0.691632274643976,0.584030957402878,0.785595660021641,0.445676469901413,0.331831526429747
"388",0.570289588541254,0.660614063819268,0.363273595583188,0.818714182351625,0.678153994491973
"389",0.725434010491623,0.704719549250808,0.665847759272826,0.371074143446423,0.646293253567032
"390",0.61541079505748,0.494677966499165,0.690254874328997,0.737053270785297,0.578100402367119
"391",0.632169218238872,0.81612269360218,0.716479533295029,0.556603069537977,0.718711435369403
"392",0.718535243737089,0.365907394125326,0.590862671654287,0.715087948313916,0.501241474473094
"393",0.465613474443162,0.74265390605051,0.674761873288795,0.60571879778907,0.861944353444949
"394",0.850261807554981,0.577781266411391,0.644715261671759,0.706703795107068,0.337030335985461
"395",0.431834937737339,0.856941804204694,0.648442932857834,0.626984046754305,0.700196666177703
"396",0.672127392316647,0.292298179991929,0.734273933983574,0.632423402357482,0.530929271189459
"397",0.788977474539446,0.608139282964224,0.574280791919109,0.642764266346908,0.823815477955881
"398",0.563238667844903,0.750872914981859,0.628464882530296,0.544504812386656,0.405834561249837
"399",0.782074132485775,0.468680914851916,0.830796262901615,0.844363541389375,0.745310918903878
"400",0.496524969490858,0.663294449229731,0.434110844688422,0.348751523815018,0.489433049300462
"401",0.730960353379005,0.661502852701066,0.802368184208994,0.766065642700264,0.825412023815868
"402",0.522801641020748,0.538646162891364,0.566452256109458,0.507001474452581,0.37413623574236
"403",0.839138286318627,0.732744001082193,0.779942997869192,0.884302111813973,0.812921420475971
"404",0.397008948502349,0.460883971370057,0.364795311931645,0.136978318455633,0.373513888929105
"405",0.923401372403232,0.819791260836972,0.850182445788284,0.351093480216657,0.692607114218822
"406",0.208572774951549,0.437863672088467,0.320787102504345,0.755563246125113,0.629543628975398
"407",0.514695347418415,0.776448084761373,0.627137189696787,0.509973039124954,0.677314837978712
"408",0.846272538369409,0.576630715237216,0.663101953563743,0.694797520570605,0.659517394130178
"409",0.397304975150162,0.694460644611097,0.704973361932994,0.546788124169488,0.563387665984852
"410",0.796758475480494,0.716088497072366,0.644714126208646,0.650187796487085,0.802296217960931
"411",0.40545804970258,0.616160913263358,0.649326671297182,0.653361839548865,0.331180211486412
"412",0.824300391209873,0.725454541479343,0.78974169535663,0.744602182851574,0.730179770192856
"413",0.333620658755103,0.525057425681522,0.49323466729529,0.601139982286123,0.623232766203282
"414",0.66125936473473,0.659942605756761,0.650938992175459,0.718799019329815,0.683046422106428
"415",0.77100835947561,0.607687458012614,0.58243663475007,0.638689548253645,0.596989404731023
"416",0.45701260244078,0.794448313098525,0.628577418207776,0.610408146291182,0.616774650727756
"417",0.704475151089058,0.438470787041237,0.666914345980551,0.785611086409149,0.628061279043768
"418",0.588674818003906,0.794774541087235,0.672876434021161,0.349823476211581,0.649206251535691
"419",0.794295062535033,0.567585492910086,0.668474047438008,0.587190409517352,0.628550835733637
"420",0.503149966618616,0.826628939066501,0.699403024112611,0.637404002674198,0.627558598420518
"421",0.754444373391566,0.430397853849054,0.713598817607842,0.704920375712809,0.789413270365614
"422",0.519388192111773,0.737767466795013,0.656872344868396,0.51184062776189,0.441903581616189
"423",0.714461167787112,0.554778732550364,0.703493249228392,0.843717479874348,0.665472065575079
"424",0.534726873326278,0.763436058790874,0.749404280572701,0.235028707122591,0.55495944133486
"425",0.835311268524965,0.514039916587311,0.67011004934801,0.507156065201547,0.829945637659952
"426",0.346272555928488,0.75021769113894,0.661421248346826,0.791349162607534,0.287035619464276
"427",0.678569456551901,0.64654985767483,0.652235990198483,0.427582504359864,0.561562880435608
"428",0.636438594573966,0.600497879895146,0.642860346789092,0.674658542876388,0.725478862228962
"429",0.764525054693966,0.601280366337932,0.678304191836654,0.638332490550499,0.531363101345023
"430",0.630080507205734,0.593446131306434,0.595209389000821,0.695051962351806,0.726605031255018
"431",0.791897748961348,0.641895583042012,0.616527161049873,0.682742338373163,0.515294262893345
"432",0.498080392589527,0.700784055319608,0.707498216202609,0.638067596350711,0.748123977886159
"433",0.745949226464921,0.579378277385842,0.6452638742409,0.704299572057786,0.649725650086503
"434",0.58004982243297,0.813080435725746,0.797867427351441,0.589586671278359,0.61789599577674
"435",0.622474524838,0.346281820108232,0.57246761555958,0.802704690241799,0.56046428350106
"436",0.594022112047066,0.660331485828444,0.778935363770894,0.436260368217786,0.849863311626745
"437",0.656050319260351,0.761271440034283,0.480791016865551,0.704890058897829,0.268680148290815
"438",0.618507438500717,0.538351293606541,0.725833895510293,0.581942804045346,0.537765845270682
"439",0.742112954936449,0.670830530195399,0.54067968731552,0.626954075955741,0.888751087712556
"440",0.492483097089275,0.727171162985394,0.702779252522339,0.640912353727794,0.312116488936171
"441",0.661781629528921,0.655578301205061,0.603693421662538,0.841846612952886,0.631674399796017
"442",0.641306112199577,0.799717487415886,0.643473621443757,0.43898090988404,0.554530556312536
"443",0.790347777243183,0.445135381391534,0.589670887630457,0.699416650634126,0.69548251234613
"444",0.358419317134516,0.644643360817817,0.829808791694845,0.675608820505088,0.677968809400111
"445",0.616431005433022,0.736902068306025,0.4353600897594,0.677318109662426,0.611188034766429
"446",0.85235909786777,0.617494084510089,0.645332385204168,0.742645087047871,0.723621745922655
"447",0.411460991414233,0.757599153455419,0.699484410427297,0.504982573134028,0.572650219956933
"448",0.76165941308621,0.532071279670807,0.701422547084251,0.852073599612397,0.777977755370142
"449",0.419168765464889,0.857622286689775,0.516670366178879,0.355808305227871,0.526533606040461
"450",0.693491829285101,0.383487192122711,0.821154978234828,0.706892413111826,0.881234837168194
"451",0.606505007227724,0.689431205156329,0.305749031561335,0.522820439369605,0.274920483630698
"452",0.842103852656489,0.65361008633507,0.593873557089956,0.887642794440206,0.643603570262516
"453",0.400683320045676,0.591734852709619,0.749365665410673,0.221897727894779,0.740326696856859
"454",0.85921516055961,0.805335964113071,0.542381682659803,0.500157836627885,0.535132324675531
"455",0.341486235918687,0.417242362915824,0.836689240662128,0.808499507440827,0.750459837062686
"456",0.716610070757205,0.825812965235104,0.273859364377517,0.411490566105517,0.514128854275407
"457",0.517491043932878,0.446945719378004,0.652262050936986,0.698765523973293,0.67321720392852
"458",0.826821240830522,0.676508605740446,0.68329427885122,0.522225220756247,0.597363452982136
"459",0.402658271239583,0.574779417422241,0.624276536555929,0.661447921519665,0.650416128214315
"460",0.788566926597039,0.842557616886319,0.748984490212969,0.675987119595993,0.725152690644602
"461",0.388904434546909,0.288073853321583,0.612095000131059,0.626335625330785,0.603894974356747
"462",0.712516113595449,0.566266201252434,0.86598646275063,0.664764860671541,0.698816739412179
"463",0.711525554675306,0.637793631407752,0.389669038984716,0.644261655249415,0.628614408490553
"464",0.616977324936826,0.754093587323998,0.81270783399402,0.767481108536443,0.618266838213388
"465",0.741857730996617,0.495363305238005,0.399358502129919,0.428494702187167,0.730737853325935
"466",0.625858905795684,0.888143018023936,0.837265336396234,0.746457019480868,0.623709915900925
"467",0.709734049775117,0.286072038479805,0.345177241347221,0.492356575628725,0.700594789296197
"468",0.717238516838416,0.597270759705675,0.776081154535955,0.879273502033872,0.658672947440237
"469",0.628856325623492,0.754472276958945,0.563802216806913,0.166477181567466,0.715303678179908
"470",0.790624589820489,0.474220202878555,0.766022630276773,0.357138251477377,0.648821577509665
"471",0.407286866095941,0.655696664027921,0.661949978488508,0.623866178381604,0.756555877645979
"472",0.729115859398348,0.637161192608502,0.743325299761308,0.68308188212424,0.509529265461315
"473",0.49551481749871,0.635533140930987,0.527399572161975,0.667394967891622,0.829082402709348
"474",0.648232960255732,0.594716070052213,0.66795459633089,0.573231932041855,0.517983284882156
"475",0.682214235257044,0.783456893305955,0.618690185158274,0.697187998880728,0.869124661227198
"476",0.620062012169247,0.589147350520154,0.610049865016579,0.484884235327379,0.244796685322755
"477",0.793772707945711,0.707071447344887,0.746223085696729,0.722037318923495,0.641891438300259
"478",0.467665228180841,0.592446303212756,0.515690126800907,0.611523030536696,0.618370091771783
"479",0.808123386055361,0.646556523784284,0.714274718973937,0.719718878970908,0.730265673251021
"480",0.517737327739349,0.543301906211581,0.539729914028709,0.565556169007372,0.68369088505708
"481",0.801803197419324,0.785181001201354,0.877906557194186,0.658550447045467,0.624665203941052
"482",0.494306031160363,0.409511349465038,0.285673612539279,0.621090765416327,0.712975728153482
"483",0.743569227159093,0.831375514766077,0.552432230958188,0.694605134783233,0.800645975797243
"484",0.497555708134036,0.332805092836755,0.696460881392792,0.534135862246464,0.475314374828013
"485",0.770350999055715,0.660993155646776,0.572516456829789,0.865379802065799,0.877770905959425
"486",0.491618646676368,0.582714884060812,0.694702523205078,0.419147542524038,0.183523026044975
"487",0.835479136585112,0.881017580254139,0.693721972693292,0.85349437113798,0.397208412032319
"488",0.433384981785069,0.306084069867681,0.580734846544229,0.368460114786258,0.732578131856134
"489",0.717584647250677,0.646432936651885,0.79555727388483,0.65814821261667,0.585521304431528
"490",0.608365490705993,0.554015263814719,0.319722437563392,0.700042528262479,0.647009624516631
"491",0.780477137326649,0.718258700244486,0.754956414326446,0.691709258032813,0.705286708512806
"492",0.481832953950102,0.613360713668928,0.528430798824872,0.61609138734174,0.485019110395963
"493",0.760229981805775,0.711875672169354,0.774391808751359,0.651776058166891,0.824092107550719
"494",0.584881697285127,0.620234961347684,0.432894755238783,0.724327775252003,0.378392952116145
"495",0.783160609331994,0.827167798203705,0.783966575886249,0.549776922334624,0.617926165318325
"496",0.550509886173212,0.414039257354225,0.452287213411518,0.753506004377589,0.613086911364227
"497",0.831723174755333,0.677415008404973,0.810459785730563,0.602432094534623,0.860028268758258
"498",0.318745135236707,0.621581540858047,0.343835103211209,0.791170430197108,0.268926791142038
"499",0.73007678276342,0.681632218823622,0.592934183562749,0.514765342798449,0.546013624801501
"500",0.676023372498473,0.595247493879036,0.729705232128231,0.819951146129421,0.731954590664175
"501",0.569702036147177,0.711333982702,0.641410074308569,0.484592556363124,0.481033412951171
"502",0.722616643395104,0.750642601081301,0.683069853748511,0.654112284021936,0.670643852205128
"503",0.498653747656142,0.555390014169309,0.71118920526585,0.737242350602351,0.594930336802403
"504",0.672334567708477,0.799508286993303,0.678347541183795,0.601389514247336,0.605407687598758
"505",0.570809111266251,0.41020596330551,0.702780397612738,0.772437488373607,0.760175286597952
"506",0.714688838937046,0.777439411569271,0.529027827575088,0.535130037750183,0.595870733943636
"507",0.602688189268014,0.489641760307428,0.873086381094982,0.757665449146089,0.627209374169618
"508",0.71196528671862,0.757458593229685,0.416755981101289,0.611483936307372,0.713347382836035
"509",0.691452804195955,0.559139332052173,0.711392652343436,0.700185981758776,0.509877940101936
"510",0.576399546303964,0.702464679560479,0.507195519868161,0.503946435625345,0.858984805209277
"511",0.819004478042829,0.612189858181434,0.717959315782204,0.817439492011008,0.380931359085096
"512",0.562140734019797,0.750048195823675,0.624303040819313,0.50872027912428,0.599639918669059
"513",0.761673553141146,0.510113507217956,0.834476850175121,0.688321136310288,0.739427049059915
"514",0.580221914421445,0.683246513870254,0.413834882874514,0.74865793831572,0.467603168753756
"515",0.712098224107056,0.779451224278178,0.664698513739999,0.628108492944491,0.72463290939651
"516",0.524112908364161,0.472434399583314,0.761860619862713,0.790816871808517,0.596500125064106
"517",0.766441080041803,0.880499633005597,0.645098244553324,0.471787127160452,0.745208761722143
"518",0.469553661835957,0.286963500907945,0.708293977411053,0.76986261747592,0.554231359155697
"519",0.644566095531777,0.664399469428923,0.704448819495075,0.455730000770844,0.771609876314961
"520",0.629142063651103,0.637054924055523,0.559847548368721,0.815573882083128,0.594357482062122
"521",0.730115604785426,0.768034671012831,0.824732411597143,0.479471494565139,0.694124779272797
"522",0.531308532683836,0.483319651937294,0.4847488459583,0.825257625891898,0.615210487096879
"523",0.715734835901026,0.6331449098685,0.80183645336128,0.527956047734709,0.778119367036343
"524",0.594839431532738,0.76203918628979,0.286342641399769,0.832232500460333,0.456568722793227
"525",0.70803432341285,0.476753497523748,0.52752746351534,0.405901008557673,0.786243807772662
"526",0.591314335846467,0.86427780949207,0.858392371248639,0.798278426764091,0.384014721863314
"527",0.668577861709528,0.328950657380851,0.384548632158314,0.463839769682255,0.809980238201906
"528",0.732193426270457,0.64950987777103,0.69929687767901,0.684298561059717,0.525441068595818
"529",0.496456935599404,0.679591110055429,0.628213102300685,0.678422640656046,0.782080224096892
"530",0.731074984005865,0.73208210549164,0.762966021653431,0.60378969430358,0.518081807746726
"531",0.51174828375492,0.505864062868133,0.626079483370271,0.677324564822365,0.729910513944731
"532",0.817615213026686,0.716611347856146,0.748133776435991,0.721515870860476,0.542234317500312
"533",0.292966495100508,0.525670796896361,0.427446481842472,0.607795659740712,0.816572500544354
"534",0.609302684539269,0.703069043825808,0.867367860839363,0.828498927277649,0.516093399846863
"535",0.619056650698884,0.508067338321857,0.247353195288748,0.300856674776772,0.760491047735195
"536",0.702721539887673,0.776781552206017,0.58383753435596,0.641977655367393,0.52703936858136
"537",0.542456125313016,0.370354754850683,0.817513775567399,0.689828275357825,0.627001444607105
"538",0.68742199365743,0.808438954774957,0.479698809176544,0.665864561531345,0.783842739629415
"539",0.71157119292671,0.445146422312761,0.688249477455755,0.648598517112153,0.637231708279295
"540",0.6675449837378,0.661328438947905,0.680642801505367,0.623315481136237,0.810388761716485
"541",0.695717172537807,0.73486083169561,0.595398460839359,0.737921118241743,0.372615872845738
"542",0.569841749557399,0.628643732447535,0.768346108864592,0.609018561295831,0.624071070446461
"543",0.88010317136487,0.662919574655366,0.57598343545037,0.735536880281575,0.685642995823109
"544",0.347868160615345,0.633620934410616,0.680862400925858,0.659949787781758,0.613631813652786
"545",0.735912070849659,0.804242046911638,0.607334271931084,0.809749222461861,0.741961533447263
"546",0.489484601596738,0.396581760230206,0.644375010092956,0.388280756323992,0.542213547281018
"547",0.787827881253407,0.80048874578424,0.768740806247667,0.737433919099997,0.764850790989549
"548",0.434807503308235,0.356095068751538,0.362591152902769,0.532256755215938,0.502479079246899
"549",0.885055611704613,0.7499851931115,0.825670832793301,0.709590421929796,0.861570503544004
"550",0.26203926881657,0.485628773572725,0.394096375643856,0.571662111898112,0.150831376477768
"551",0.651259076491962,0.797417030567684,0.754650787241234,0.761447416709966,0.396677128873421
"552",0.757023040254202,0.406783834136388,0.50527544929898,0.444421323022783,0.688453241836933
"553",0.536242134763942,0.795358745679962,0.67809659537655,0.85913458590615,0.605176986676268
"554",0.775988766206538,0.499952476905912,0.713352869256964,0.395728772228957,0.738139318839444
"555",0.441881102805201,0.834729985286622,0.617662808489291,0.82217711991338,0.411571816360994
"556",0.663966257578245,0.358210568423969,0.701014460688612,0.440442895815264,0.798026495794075
"557",0.559335237946983,0.715680030544187,0.615112438581047,0.855675380281228,0.517342140835629
"558",0.80223749627282,0.615765747638784,0.606472006567778,0.329784503774504,0.745675911077342
"559",0.410572979418965,0.790654284781765,0.709076736595087,0.665209968527981,0.539289787796726
"560",0.628516967644882,0.373424394663786,0.661290392896178,0.705563702782591,0.71855791319123
"561",0.806993187518836,0.787202783662395,0.73058753005676,0.566020273733235,0.749462901193457
"562",0.425041375966861,0.504567596609057,0.614579305918928,0.61402192416516,0.507943176072793
"563",0.790653115212228,0.73503560084955,0.802161093842948,0.633170970574014,0.75732437835973
"564",0.440649157754117,0.501089815399562,0.390271848777163,0.71955700590191,0.424495598329786
"565",0.712931724596864,0.781444156996594,0.801667608947992,0.734780948663064,0.817835359331063
"566",0.520653415603429,0.363296544639791,0.446138871141499,0.587890537260802,0.374709104930052
"567",0.774414714410666,0.692563487047004,0.685904397991449,0.869071139763499,0.837933964996496
"568",0.462364988220805,0.614975062785627,0.658943814570588,0.291592228534547,0.359794771782336
"569",0.805417638375051,0.853520237854879,0.731337463793926,0.682858375161467,0.767468036136076
"570",0.406885338656111,0.307155860399445,0.635017802819222,0.730964778287944,0.442679888664427
"571",0.763319097098093,0.632664901179761,0.753931454490573,0.713520560921905,0.756145609146758
"572",0.494987237718874,0.720263435272774,0.509877878797499,0.599178209013,0.545878740217842
"573",0.809855928184842,0.558441841077934,0.695913015260666,0.805840980119642,0.723130235190163
"574",0.372786649231295,0.720814563883155,0.66898657439522,0.332329317397614,0.596115519502184
"575",0.785245165443241,0.599096261803888,0.772580612145669,0.702843822960124,0.688350703192582
"576",0.467893668805754,0.764003666785356,0.419245278095183,0.559707334251151,0.548173417482872
"577",0.815499610517333,0.604167565539251,0.659307958986934,0.688796517110525,0.692597930550174
"578",0.322138673204104,0.669141434294537,0.563468983160119,0.533786513151382,0.65388562776223
"579",0.564615134434009,0.776292389012788,0.784130985591859,0.868584063142162,0.609889911337857
"580",0.799977360581678,0.539461091394277,0.420624197022775,0.354768088055298,0.634850793190772
"581",0.484627026228662,0.831334389590906,0.684496978945237,0.648820331237989,0.648606386752168
"582",0.80083046946873,0.328227535077073,0.578376747788087,0.632617400768251,0.721652361454101
"583",0.532769203851587,0.595996496563979,0.629034105139047,0.73939289594984,0.611483677966993
"584",0.764644486842683,0.679472011132245,0.71482216428329,0.516101475560865,0.722642877949614
"585",0.474737513192369,0.648165556196397,0.658456072741096,0.75314293973598,0.588355491585538
"586",0.746433356574125,0.775939617077426,0.720063937450786,0.643528459989555,0.756749207537895
"587",0.516791875424492,0.473741650587181,0.641222004080156,0.739173248916392,0.503434934640835
"588",0.707089425549974,0.802783957964835,0.592288313767938,0.593628901705353,0.839717404611561
"589",0.609825595094393,0.510865605994096,0.75059410907769,0.673575217613282,0.37765731676151
"590",0.709363578065244,0.639053281676604,0.501825244851311,0.609724572287013,0.766061843375855
"591",0.711112468875173,0.595907446616676,0.728620795090374,0.714199240745479,0.635110610882213
"592",0.6460789474471,0.600997840478528,0.512679871990759,0.575760151741023,0.630430002913509
"593",0.704867377222118,0.618698874630892,0.788748891702924,0.724370793010611,0.756721188384141
"594",0.551754085464856,0.739612178818107,0.4444916814432,0.62316585452917,0.486442007742828
"595",0.651061180757254,0.537886873258343,0.845677748489547,0.680843816647488,0.710559948047537
"596",0.653071885449465,0.700997121210134,0.401391373327524,0.629706712264293,0.582433154944985
"597",0.645605699873823,0.674546402332228,0.772780175064774,0.689524232890268,0.790321755332408
"598",0.734653415572652,0.651292734231548,0.475044090977762,0.643974744036174,0.412949709779495
"599",0.512223249515364,0.687785799505835,0.741225835345908,0.652851913882306,0.718553671207879
"600",0.819317682035803,0.621084014572581,0.5721687726649,0.727446721618234,0.543165140655432
"601",0.406833027364531,0.7285038984838,0.796022479650222,0.624652528861822,0.737609260881899
"602",0.632812921327088,0.612196903715193,0.523174395651168,0.641373238057458,0.674635324611118
"603",0.666017925048267,0.696971999398577,0.771728287350643,0.599351999036821,0.64039551882456
"604",0.682010511517783,0.740606700710895,0.46995501964131,0.767645209346273,0.709036230313893
"605",0.649810456431774,0.481290546272168,0.861206221815402,0.489308414028206,0.56332121349975
"606",0.816161188309573,0.888014858366035,0.314993854240665,0.693754936002587,0.791923346552506
"607",0.422682041549821,0.297015125721207,0.684901267020723,0.720417360763713,0.490722679887518
"608",0.819596296360623,0.638083658820521,0.584296663043523,0.554775414327109,0.840526895891278
"609",0.465654862574344,0.753777445814285,0.651491532813954,0.709045965638502,0.392400976365443
"610",0.715308032823631,0.567622949374746,0.737290893239292,0.581464470842776,0.632357003685495
"611",0.670199546753786,0.778605531199436,0.589877262941914,0.790729961150622,0.674070647124977
"612",0.756014384144265,0.370631859427471,0.691353695454425,0.480597380962494,0.725834011392286
"613",0.512508336417941,0.680861327071524,0.668932637100151,0.645070926304621,0.534248043124961
"614",0.809480999644809,0.706918215002024,0.760947333095536,0.725887506695485,0.81016837710749
"615",0.49229550967093,0.517725081560316,0.491750470211686,0.533427618395218,0.37018451899422
"616",0.720514136158423,0.837418815936078,0.739195257213954,0.733200055507925,0.859638696467529
"617",0.527631683068453,0.389870155528148,0.547194577694081,0.597006873514572,0.399351254345763
"618",0.847254028740981,0.650783081820628,0.872230013685317,0.636996421299281,0.757544353090955
"619",0.325459735433179,0.624539028919764,0.292324748006833,0.673275585547835,0.474978895338115
"620",0.59118394826339,0.853463959321327,0.569769623467056,0.812249750752632,0.734092527454129
"621",0.748763617228185,0.223881347859314,0.784892656387468,0.340249235917726,0.513504804537468
"622",0.570865200042335,0.441602418244556,0.493988338259672,0.747930906929573,0.885349486178903
"623",0.811473967389507,0.76511618142024,0.680000989716336,0.503079036833705,0.293344091095072
"624",0.455021335645538,0.650012670208383,0.607201783283938,0.653421727027902,0.649369442432716
"625",0.865238421451709,0.670665930944913,0.772132269691021,0.692669950820085,0.671431967603234
"626",0.275168785709355,0.623931740297829,0.612592571690663,0.521587720046251,0.755659759264983
"627",0.514319987463282,0.628728944382646,0.64808440399356,0.796551741279371,0.543352964085577
"628",0.783091441492098,0.811614956206987,0.70953305529659,0.49985040508232,0.844910386256374
"629",0.382232797818224,0.526852109029981,0.570084073175684,0.753774320831388,0.37426226878884
"630",0.75504035166064,0.71447894774731,0.675922294271158,0.488420923804716,0.804782882517423
"631",0.521403988943293,0.575325617145972,0.630432241063957,0.794242631554776,0.600551420462614
"632",0.696139498958242,0.654474910741145,0.65341846233286,0.432297740192597,0.79320632801536
"633",0.598419714671528,0.691877056823716,0.560557923997974,0.80759649172625,0.406700162599936
"634",0.82550245375888,0.63739215668859,0.706140441859164,0.510893291402976,0.834592598228141
"635",0.408306502688089,0.675856096673557,0.527564205186267,0.819825429678487,0.415059012488614
"636",0.689423543901558,0.529501583218521,0.758261902446791,0.325628265486723,0.648257684859284
"637",0.786159705982461,0.807915429962283,0.521988579224203,0.560927786606695,0.790676613123648
"638",0.522962420808969,0.337959256293273,0.754076855805442,0.645681625580364,0.474114114917752
"639",0.838576421749237,0.646380799550472,0.496582105284405,0.688383032933848,0.733530075705553
"640",0.427260722331743,0.671339406372106,0.816851503886847,0.513678154776292,0.440647428210833
"641",0.704644420063739,0.595293529634771,0.461826701078544,0.683954224893903,0.724545275537916
"642",0.676873713781122,0.705059178490053,0.700274797348653,0.552556863390492,0.638851463819967
"643",0.698655452595303,0.67379773268977,0.771070217923707,0.654602496900264,0.628783512918428
"644",0.539547157159546,0.730417928153845,0.627889945270037,0.582858977565856,0.742516123297606
"645",0.69051429567979,0.491524366849925,0.786272363586156,0.72529437659,0.628174023399265
"646",0.581549525869679,0.701385099862908,0.393444787157204,0.583512023940334,0.607342470936623
"647",0.705285813496513,0.666449444779905,0.754844551417455,0.761919609246098,0.677847869866584
"648",0.607808805693065,0.69279191123927,0.524922973585184,0.471947605915566,0.59466247706251
"649",0.798221209259151,0.683911264461238,0.669982533264007,0.707352056175925,0.676732760397557
"650",0.542334345743119,0.584153610048118,0.546478511564562,0.631419885328316,0.626438471192206
"651",0.806902841682191,0.752391588281947,0.703821429847432,0.634952544684031,0.660020718728321
"652",0.37634875250076,0.470071512116263,0.627134064757812,0.71054255461347,0.700621163115966
"653",0.759074555711585,0.663749348695099,0.837497902647238,0.738099415330905,0.642453709503097
"654",0.489744479688186,0.603110979725598,0.463207199118266,0.51912844808516,0.706889072423085
"655",0.715856521260454,0.762189879040165,0.711902843061452,0.803960664506968,0.663464894630889
"656",0.559742055722301,0.436114640479462,0.56046369812184,0.47337823780536,0.621882896562665
"657",0.761114327722107,0.797851584268334,0.852629393772722,0.839219262357123,0.729809146458922
"658",0.454927383421382,0.471326840264129,0.329263626248872,0.253159416481469,0.489851949992499
"659",0.714764123117874,0.855171342992725,0.684943299886124,0.616973609662176,0.814846379825728
"660",0.613947173284652,0.277287530820367,0.573855816834087,0.639117387919026,0.343543936839498
"661",0.753174683716441,0.616745776414422,0.760233203593882,0.807057607881624,0.721923667133896
"662",0.553752389099977,0.63461502988673,0.53275564765202,0.445495713102322,0.666576152215028
"663",0.836096607076228,0.635694838155484,0.816873341758341,0.82962312591362,0.747632143344684
"664",0.355654909253561,0.705407305269481,0.393183836572809,0.383349998448616,0.472945470568423
"665",0.647916686173206,0.705990136611981,0.81191627381538,0.636576351669837,0.917654487826412
"666",0.627310124833951,0.594294385079564,0.357756489003227,0.739252302528178,0.161547373175213
"667",0.80023130741957,0.808345781452178,0.638031007154003,0.587113654576113,0.363516923633458
"668",0.45635276715344,0.486828693713762,0.589421730475551,0.677304807268261,0.576849918218574
"669",0.663248236827065,0.741757594742947,0.693936862334824,0.788138365178203,0.839174778673686
"670",0.713239049342753,0.417148588457594,0.634294668388578,0.515640157640658,0.334493846767693
"671",0.591763794603729,0.821482186528983,0.624077736827867,0.839687055950289,0.634801769951602
"672",0.814237849159268,0.498823295123027,0.606167528502022,0.244432479892725,0.659929955728686
"673",0.421519307222939,0.847257831007309,0.786098219646432,0.444207366619296,0.622375887397494
"674",0.662993726384405,0.286498573854996,0.401820869185386,0.739170264414973,0.708126698659739
"675",0.660773048327906,0.620429050121005,0.781767309449603,0.533699641110032,0.679927287419838
"676",0.660680337480062,0.751578606881663,0.412089894125433,0.803810115517947,0.645864096993072
"677",0.654733828723883,0.453390928138461,0.794271158054929,0.476484495033565,0.638432274476531
"678",0.77408620259541,0.754864792604008,0.427765581948953,0.728626059284046,0.772722938822074
"679",0.495683965743505,0.536371969657654,0.760988118160908,0.537516376500956,0.59391119032673
"680",0.761769404840808,0.768797063487793,0.569014004118771,0.834571509817814,0.782619741985457
"681",0.446736973707225,0.451897693812134,0.69712699223512,0.419384435119501,0.491283397468374
"682",0.707681898900061,0.847675629450611,0.711031622418007,0.661982780939148,0.710934167653496
"683",0.688592045553261,0.351641810583829,0.663555707782496,0.64418102730889,0.709029017407495
"684",0.570722270627064,0.721817245101379,0.763965826271324,0.629088172769093,0.672097414110015
"685",0.653962368700119,0.687039547939853,0.547244899334621,0.793284386266925,0.618545199083854
"686",0.688493627524121,0.516848371063959,0.68891648908113,0.454125668427335,0.767406033516084
"687",0.570762519305837,0.698447303203915,0.548088296877765,0.672465512424727,0.514439583065043
"688",0.750878942792753,0.496591059608529,0.743954926344793,0.736455691729636,0.806646799095974
"689",0.591427859097074,0.828721382388337,0.566095963365808,0.626327476435586,0.40181242452152
"690",0.646944295063586,0.401498061975931,0.774344620245522,0.728475648872707,0.750367169119305
"691",0.58085473945462,0.628395995219976,0.424101119199686,0.508592297733237,0.586046741167898
"692",0.853500247343638,0.685020514989801,0.793688536122384,0.843932790640446,0.671294839875529
"693",0.240546295341785,0.559849941129267,0.4813149364151,0.411873978989545,0.704348661823095
"694",0.500970360478007,0.690953499647698,0.714030371128488,0.802296461436156,0.68337291618224
"695",0.735168601099006,0.685315499292417,0.572532193595249,0.404686081470374,0.64236271002277
"696",0.674938514902689,0.734197984351128,0.780473641624113,0.813636796929424,0.781724785282682
"697",0.584974764010411,0.588941528644629,0.423246968543783,0.490990332107716,0.464780347964075
"698",0.77742923704523,0.854735572355189,0.711660382185815,0.688953580989136,0.926436286646473
"699",0.468184551422924,0.311260018657394,0.500211435320777,0.556998456455046,0.228543422806202
"700",0.878308703389256,0.718904472318746,0.760434339995925,0.791502233876577,0.538667343149138
"701",0.304838965086264,0.507299420313405,0.517181987169719,0.508605931551577,0.638989961478732
"702",0.694061314081755,0.886716347181639,0.834349580323382,0.869875807081441,0.734181876550348
"703",0.736130861064553,0.249262448465428,0.229585851481239,0.159155851462848,0.402353123752214
"704",0.696804626201458,0.652383351859514,0.590584361836877,0.416976732042886,0.674361682074878
"705",0.624320713375161,0.745548580506871,0.67275192237688,0.738280003373761,0.659549070267369
"706",0.780231803828217,0.638856595732017,0.619574775182968,0.591332528631768,0.71500144486428
"707",0.551174976546005,0.624077591875277,0.784729620401058,0.675118170106615,0.694584728839926
"708",0.621663678570564,0.592726172839144,0.397619731121434,0.617975326244126,0.668079813895695
"709",0.823429278817756,0.791111483728319,0.71414207033017,0.636000966668237,0.620930273787442
"710",0.4766061744965,0.382701227659512,0.648518662149947,0.671738041451513,0.726215967689526
"711",0.851654371679048,0.760153964094847,0.651959457557638,0.609764532170156,0.545184238899456
"712",0.279497652284991,0.535865418262909,0.594592116496457,0.644146799291313,0.67583148254124
"713",0.527072416231275,0.69849953692897,0.772270437831826,0.640663351794718,0.67680654953636
"714",0.823388014541929,0.614821192213276,0.625856821473638,0.775320693489193,0.71974609788894
"715",0.353751271141228,0.72814274617974,0.741134187851296,0.467308610779967,0.553312733321506
"716",0.667182574404215,0.517743612171928,0.524556322582507,0.720588228248142,0.809869710809527
"717",0.660129635475609,0.785854560469292,0.712908651010643,0.548822810251874,0.379955529067471
"718",0.73434561237018,0.462056981307578,0.637716365746,0.641973516860979,0.666017618002912
"719",0.544478393171133,0.651805361280405,0.586883393753095,0.654946203149811,0.665734238753774
"720",0.706191390990485,0.624102692238661,0.831423522196532,0.669234829679287,0.733153376894986
"721",0.64713209909039,0.75948236345431,0.335476925792551,0.701485137236813,0.422795419016009
"722",0.724040779907218,0.533610008462819,0.705477805503278,0.606695087164808,0.648440824586551
"723",0.604251252782603,0.876983313520006,0.584898867134753,0.721128851040419,0.662287509657569
"724",0.813573816945847,0.407367842413525,0.645962443117563,0.572710440846941,0.728450052433496
"725",0.526241320026997,0.678450476107555,0.650362037425944,0.7199271055618,0.522860371489449
"726",0.85536417891104,0.734659394234833,0.618621691219334,0.466990704131567,0.686976167194773
"727",0.316023581750261,0.528165495915536,0.708543563860376,0.738710023805707,0.637556971938132
"728",0.68603728174223,0.66370171302722,0.572181193193699,0.567496494104812,0.763818221360358
"729",0.571864498887728,0.715516028914063,0.731279710758757,0.677948711950122,0.521097083798934
"730",0.75355355204532,0.591870601804506,0.533277627853436,0.655862575691753,0.780798172956804
"731",0.454616511957055,0.724655265014127,0.746157056789894,0.760815322411103,0.548231387148518
"732",0.736847296694995,0.654770600018475,0.621176604294785,0.565005827115772,0.803713659711931
"733",0.523108508179074,0.573107374132805,0.628476113698905,0.753391045968306,0.381525997276772
"734",0.752162591813111,0.711358305524578,0.683198425110939,0.467555658417303,0.67400795657842
"735",0.495363464885986,0.639292009963223,0.711497587499949,0.688379996167873,0.604223124314695
"736",0.719997792458824,0.696537591531437,0.714688385147183,0.512128665490705,0.754986972968336
"737",0.443518726483199,0.524997737962224,0.619936152967832,0.704783508052944,0.604094639081346
"738",0.80289388344971,0.878197567168527,0.83314808355155,0.733557724451965,0.636620717481873
"739",0.425010596512248,0.256488810886564,0.313078680516328,0.450358598007784,0.580885254411993
"740",0.917170403325417,0.650022777325601,0.740317926564545,0.746952337317664,0.841884557096443
"741",0.224583648251933,0.73156743365571,0.426940111621627,0.669260667466844,0.310430135527679
"742",0.504095474182913,0.693975914589777,0.852997272070688,0.766913337522228,0.750929178464901
"743",0.671883493498262,0.620338803004463,0.37216132388965,0.42016347721374,0.601615311698561
"744",0.751857803758647,0.795039662463815,0.653777942272305,0.767144246388552,0.645218896557137
"745",0.542560221316884,0.341748260039804,0.681263449233377,0.495630791520282,0.645181964697162
"746",0.754306437780535,0.677820860066746,0.69099756385673,0.741684615313844,0.641468794495925
"747",0.423685218190748,0.581204780930213,0.499839259783964,0.475498821794973,0.649042967448843
"748",0.650513408709938,0.650337996171386,0.804465336138611,0.827602398652154,0.610146329862116
"749",0.615006157672265,0.63219847084884,0.358122207143876,0.367074033912372,0.79919541415051
"750",0.75729651553128,0.636643857717397,0.814394817220634,0.62961588060487,0.441012884945754
"751",0.624418337846,0.793185051940704,0.458386259794785,0.676957676863322,0.792919919976122
"752",0.629129603296634,0.591641594024933,0.80970630278811,0.652315682340831,0.409805260915975
"753",0.745630952423695,0.701447015477692,0.422002804198993,0.65273307232915,0.755210965125143
"754",0.495488097678554,0.565627637800217,0.838865117690555,0.621393850715183,0.55854116721524
"755",0.722801185359825,0.737967526629274,0.38683495703452,0.643927884482758,0.788293211304489
"756",0.575511824374095,0.535398975845195,0.686209863080075,0.662018596762684,0.498420610076325
"757",0.733757836720001,0.70702639137123,0.598184822701849,0.811898854500878,0.646559123594977
"758",0.476341956933527,0.706735722110239,0.642999537908313,0.416106073833289,0.62292423844437
"759",0.701308360895847,0.691277382437289,0.650283870251336,0.692715068206813,0.70956460556852
"760",0.618518738096079,0.64499137241539,0.622930467795585,0.666456094991278,0.620721380592049
"761",0.777754602294024,0.706925090400738,0.818195532564566,0.605622356810452,0.773317395553652
"762",0.375641741037078,0.602779588757154,0.383858742946844,0.778461522205485,0.471506037744681
"763",0.633381816095164,0.894598464934653,0.80321537409465,0.391744780607037,0.816875102664301
"764",0.713273560421927,0.241439149081128,0.527950260698439,0.752850407961498,0.40253326157458
"765",0.605794193933676,0.54091890704306,0.793073537019014,0.602712855920038,0.744834393811641
"766",0.740121405072461,0.85618897070544,0.36244585790346,0.654660452078505,0.633364239046718
"767",0.57258414273775,0.392521226636206,0.785522484000305,0.735626238599853,0.782184741532456
"768",0.796972929729504,0.583034584966981,0.474752856413475,0.519085976700432,0.348123692093576
"769",0.388473564256644,0.879166636531672,0.723404014550454,0.842950242985466,0.693248848980785
"770",0.676027634454711,0.376018174312804,0.619946612651075,0.319937781792637,0.716715974345141
"771",0.683527444788634,0.680714401343134,0.8164558782276,0.762638660291867,0.570861048045685
"772",0.628314979058853,0.585050164200381,0.416610612485117,0.533715182807543,0.80068971175379
"773",0.77565751384938,0.758022664066747,0.686058613387781,0.905374394078851,0.542472380987805
"774",0.535147598367383,0.47031321720193,0.675400029281107,0.256676321721791,0.872180984806017
"775",0.739168383200475,0.674475711526759,0.780477857672711,0.593660945812814,0.348471239912204
"776",0.594189277562037,0.694650925265377,0.543584259366016,0.796698532712211,0.74331006940175
"777",0.817834979962734,0.605381156825211,0.668036454451259,0.391574573930962,0.587865802706472
"778",0.468928858587304,0.686539136958211,0.730430463537052,0.585601615124566,0.682010686654148
"779",0.710014795113665,0.688460413389985,0.561555095128712,0.661332552933216,0.621866302695788
"780",0.510420963091123,0.712150424246414,0.841359136336061,0.64658478697738,0.711633558809452
"781",0.692697548007081,0.551003113232174,0.29387990167237,0.766398286590984,0.641185897910968
"782",0.541376664692905,0.749931453785862,0.557775300265627,0.576618452312527,0.661591636220227
"783",0.662965445990304,0.530607146418458,0.749517996029545,0.767347153139966,0.616719324551017
"784",0.631338048114123,0.695294732901419,0.713300264328104,0.517471908598705,0.753184260439126
"785",0.71212049587994,0.549594955434449,0.618962194123473,0.767129143890356,0.50170846940035
"786",0.560708636537356,0.73477076344359,0.676640670237075,0.568066455608926,0.764555635334392
"787",0.698981407606368,0.659017075390276,0.628937755890513,0.738029573355937,0.458063999966828
"788",0.532590859904386,0.60703820126928,0.642070330367906,0.498983749037798,0.746075213192564
"789",0.722949234073952,0.821651826525087,0.674680458051444,0.796542287791493,0.541957521833542
"790",0.477692580982272,0.430930245626785,0.665093059345692,0.425168887037107,0.651275431091794
"791",0.759944650645122,0.887959218102668,0.590243773486876,0.76489460342713,0.750393856325784
"792",0.528241138410076,0.23701345344051,0.738826947810138,0.562467767090009,0.391140525952216
"793",0.700111366464606,0.525960318720907,0.586221275607689,0.885263230829375,0.617857232156469
"794",0.529601404530036,0.780470766986763,0.71485309648194,0.264862777423371,0.657335168207646
"795",0.845350912229535,0.653966816459422,0.563140469678237,0.549341818774219,0.615180275736761
"796",0.442347304664923,0.631635733036018,0.651999522804438,0.689203512704437,0.765007715900124
"797",0.779842439633177,0.818436596040278,0.783817361319746,0.587929949486876,0.473654274904095
"798",0.434622109154727,0.420751202915947,0.419339524175906,0.770947607502456,0.672153038597491
"799",0.851404021586136,0.65662478316263,0.808906828571456,0.662249764978488,0.692555448876595
"800",0.332596156373027,0.591819937415856,0.3310784965541,0.589859744822018,0.690031025691555
"801",0.741222312445656,0.653901198159566,0.584344836974457,0.707827522337175,0.727716952609068
"802",0.682605509228955,0.610262329155641,0.724998149919308,0.599937187142546,0.597875282793485
"803",0.695836324239619,0.616538106062015,0.565499279722843,0.825026771412319,0.741077251557077
"804",0.725067736523647,0.620113964454301,0.783872133752224,0.408949105917291,0.633183703689929
"805",0.674301491913996,0.69951231062694,0.436568834045116,0.723449831428835,0.754725518944333
"806",0.739785452350396,0.647921925273759,0.850693248838013,0.463687980701225,0.448109627783704
"807",0.448607691169896,0.604416531117684,0.459325072258511,0.836025779203419,0.844395118195614
"808",0.632468846512635,0.62087351973284,0.806639284312034,0.34994475146829,0.34984581171276
"809",0.707932538619415,0.738120700886607,0.392424652560651,0.666685433838456,0.670439727290866
"810",0.555354061633811,0.510129727461005,0.680244605827379,0.697172360447245,0.771488817184457
"811",0.64347382163469,0.676168245153235,0.586332073670704,0.725559273282693,0.584409481458193
"812",0.771615151893908,0.696273332851695,0.675734214687132,0.611127654245769,0.768992471629129
"813",0.60834323380493,0.65013347245797,0.708222469835461,0.68401330067845,0.529841165037184
"814",0.693933371491867,0.683513169624698,0.59971788214718,0.641892985313209,0.652483681556105
"815",0.674304196895891,0.576559515178228,0.83899362051264,0.639482238959249,0.687069799694101
"816",0.704050877938488,0.816233481987661,0.390143152129991,0.64012300814308,0.599813127719093
"817",0.602400237203723,0.515729181682995,0.704825305237542,0.743577517095962,0.772042246450103
"818",0.703839271083208,0.739661442613119,0.643156766213779,0.428814969136347,0.435784841699868
"819",0.633236896408847,0.6032525660182,0.704303184495751,0.638653935017416,0.829467277677342
"820",0.761811255192096,0.635992383388609,0.697275131235469,0.638033564512707,0.278915700253656
"821",0.453282263870937,0.77829982322368,0.714022433872158,0.654460129478202,0.60364403072429
"822",0.741033493567097,0.508026481783845,0.553474879769867,0.781827071606361,0.624578991583488
"823",0.611959016624804,0.724568428833218,0.720602330200207,0.418632201252693,0.5947760977836
"824",0.666486332919695,0.675165917146155,0.502927008134692,0.706472710637373,0.660042111980116
"825",0.786662332608981,0.632411653492504,0.750801158240826,0.573897466767814,0.760443328855866
"826",0.463107330950315,0.638376962485574,0.629408471552497,0.733126806656586,0.614877301705779
"827",0.715722755553741,0.700603982228344,0.629421174166803,0.526980668266363,0.612851173151467
"828",0.603696928764855,0.586867038592564,0.587351851465288,0.646530088629455,0.796535338006549
"829",0.786739257155133,0.703796748736466,0.675151954441922,0.652614592421539,0.594199649802824
"830",0.405105413814623,0.65996554186436,0.677654718709567,0.635554885905244,0.839538345180269
"831",0.662665710711144,0.71191412253794,0.697513103004024,0.727700981239922,0.418491253599906
"832",0.743208978826733,0.638906558522862,0.541834393832655,0.658802888704813,0.734492372050364
"833",0.65838134897469,0.790373205982137,0.712712283667268,0.632605082038698,0.556901737792627
"834",0.707075469796084,0.569215335420384,0.706226101075763,0.817578057314237,0.704914790404907
"835",0.611868925456314,0.668703194580557,0.76674981476065,0.516812893785203,0.541876307254333
"836",0.719496089417905,0.713184484968339,0.568453182926598,0.864082757269514,0.727179304974795
"837",0.529140416914435,0.55819173823194,0.692019022856067,0.269739989769205,0.660977405542036
"838",0.76846936740391,0.700891873062634,0.721980128834886,0.610917779463253,0.717449492463058
"839",0.470787339233168,0.507458314385513,0.679698834033729,0.691104517671011,0.599956445994197
"840",0.793303106537898,0.821578251820791,0.665143288588868,0.609221915836029,0.762440572227291
"841",0.382018442723687,0.318851338823028,0.554102023441159,0.784498935031272,0.496043312257648
"842",0.824628779707804,0.6449583611079,0.788375841084359,0.576673050459259,0.848034266537624
"843",0.450903205116674,0.620236400780787,0.450926004297525,0.785741686386825,0.290464766813204
"844",0.680307243713257,0.72764181225257,0.764233405892971,0.547886650807683,0.552627722857166
"845",0.607905119144145,0.554517699861002,0.583642505786358,0.623134703698899,0.71040646932622
"846",0.676531942716863,0.686610527356825,0.832375526784251,0.702821893294896,0.570097332653987
"847",0.711258018531659,0.626501041178859,0.451303395985813,0.717957906343904,0.611754213450484
"848",0.690875877581674,0.805622584212328,0.685061714426146,0.589357905808309,0.739085082892233
"849",0.56344242500547,0.438258528708104,0.624391842583323,0.710931002647138,0.508810957752958
"850",0.774968347410867,0.693008437501882,0.632997716157635,0.604422452305322,0.85518942843349
"851",0.517834095705368,0.567439457410109,0.749455253507055,0.707494550770856,0.340558014681069
"852",0.680627799208277,0.83717950902579,0.590994451523991,0.62105077417541,0.603657978074654
"853",0.659144732192044,0.295091355589681,0.610694972852025,0.753496777060728,0.752083511992255
"854",0.702040518656495,0.614161017125766,0.601935884163442,0.52405703271807,0.424894428498564
"855",0.718258129372344,0.687572750512344,0.719566464183582,0.819032416910032,0.621991623848572
"856",0.685305895345453,0.651643734077919,0.664930964887479,0.366005885137782,0.617659450302776
"857",0.651540464708531,0.653095611558808,0.643651635615044,0.813554341574207,0.647251948175848
"858",0.611534166627727,0.710358138666601,0.731572562476004,0.373754186386113,0.621730256947383
"859",0.779422090024127,0.697009142125515,0.624489236329103,0.741824804875218,0.732311114875884
"860",0.461685834377229,0.558924383058175,0.767640470875736,0.508339244911127,0.51169034943976
"861",0.696445488220207,0.658463660767834,0.647178339014797,0.675430585190317,0.792286347507989
"862",0.685822090882831,0.577017037825676,0.676699340937511,0.688438641699844,0.44325286642825
"863",0.698666079053958,0.804474358140153,0.561373241639451,0.747811332429751,0.667251509501347
"864",0.66688078662593,0.328048123874849,0.764228689302051,0.65873973354234,0.592690631323066
"865",0.687930110368646,0.704328992945888,0.532979837216135,0.753359934599389,0.801205204839375
"866",0.535424926692083,0.673806884267475,0.748683420138236,0.437221929568563,0.437048167744956
"867",0.8367094231925,0.756827147593461,0.671874192005376,0.896673048590161,0.725404116911232
"868",0.282247132419867,0.439405583990435,0.691765617176084,0.218614140296545,0.450768223251595
"869",0.624459692525502,0.757155581443112,0.839000317655661,0.526306923451026,0.797822398336848
"870",0.719026504650508,0.539098454612203,0.429061632904163,0.735199726428281,0.382601779572464
"871",0.711231373648404,0.816057676524165,0.878059948336285,0.618957365240216,0.785431191649121
"872",0.47826054416642,0.432300486187801,0.245243189967085,0.659898605543099,0.349323448727506
"873",0.794334392252951,0.902421416936975,0.537847450238039,0.755316441380358,0.64617331799772
"874",0.506558656004154,0.270832811676414,0.653993740161088,0.457390793872859,0.673852636743104
"875",0.736727970031055,0.634472814932422,0.826391653879587,0.900025836587064,0.646310292662739
"876",0.605885319075117,0.692747901907753,0.350913899128809,0.206487104067641,0.706286079304482
"877",0.772638103474636,0.743424041827083,0.77572247437409,0.525499250572506,0.718336104678207
"878",0.596488357006622,0.566362753175197,0.429002153184984,0.78723086876219,0.585377937230985
"879",0.799869482732605,0.663786349152843,0.857360378050993,0.419298429979171,0.751442622047672
"880",0.340413122537582,0.761296948171437,0.314271367209966,0.666018166775207,0.604467477762135
"881",0.614760787197767,0.659110999440701,0.707524101135934,0.751934690405298,0.630782616231886
"882",0.797139931624951,0.555795264004416,0.619962344799708,0.598488289987252,0.567272808344926
"883",0.464046766048155,0.738442505520799,0.61134279758194,0.722310229768897,0.733906324447999
"884",0.777893582446966,0.479322588688724,0.771202579137983,0.581236207716728,0.595335100931721
"885",0.594952613800359,0.711507515321288,0.413963349295499,0.683082286009437,0.796560924255056
"886",0.822179673502261,0.649568767757585,0.713555105865075,0.658648705051587,0.463029344964776
"887",0.381104733895779,0.744522858309884,0.590247626472293,0.62754936689225,0.805076365246198
"888",0.734968588606406,0.440991941434512,0.781937245866114,0.714280487771837,0.455224696841873
"889",0.590601971005986,0.818555545580754,0.43771791593761,0.584339579726408,0.638741033727226
"890",0.685484922746044,0.449098612349707,0.8198079913906,0.799901612140404,0.630409006822779
"891",0.730824232913725,0.617342576676085,0.37454427401794,0.365183826697887,0.743639031565733
"892",0.610749922819465,0.779199891259594,0.780010840359642,0.739516133650243,0.472338416041107
"893",0.725929686391763,0.457695973931768,0.403053167764653,0.523780311942413,0.731752194746654
"894",0.538039094863021,0.723406712564366,0.619110431902803,0.847570361804546,0.545329706679226
"895",0.667372661986963,0.567735214670673,0.721907750043079,0.300541401814697,0.746956239859691
"896",0.699452614073061,0.645775002567579,0.51245647894783,0.632931235747586,0.576264321104809
"897",0.623648498096816,0.631706196406933,0.742173091599208,0.634413839206848,0.718063032761042
"898",0.722098744874156,0.637599804428171,0.477584065687865,0.757982294516244,0.556130452939438
"899",0.565797961673611,0.669201607589613,0.774036764545466,0.544682564839185,0.875874659584029
"900",0.726714713369078,0.732998092405922,0.539023769293618,0.766459647834825,0.321390140853155
"901",0.64697043539146,0.692212759973395,0.657059408540541,0.541636340836411,0.698782277255495
"902",0.589424003873233,0.564546978246181,0.7211934475328,0.683746604262251,0.71593136678706
"903",0.788744108129365,0.635856140033779,0.494022772073355,0.631526643781013,0.654022798467964
"904",0.567892147793941,0.791876601329927,0.698732126541853,0.706100291715912,0.794337974744675
"905",0.651365462274698,0.545890932181742,0.64872623808695,0.633592146135655,0.528388827758506
"906",0.687645504687983,0.768860272648221,0.603638629966953,0.704146936192241,0.87889482846292
"907",0.561259587138116,0.446318704328121,0.706643260047111,0.584607281169961,0.264395397878872
"908",0.708716180438253,0.67230679487674,0.687413775132844,0.670332492587293,0.587631504351206
"909",0.619995300290576,0.513645924063439,0.63859015940582,0.686813877094393,0.790380736837458
"910",0.642275788165986,0.810234230658113,0.584573146655259,0.706706607617756,0.329450735969492
"911",0.689195671407142,0.407671007310724,0.755021423014796,0.571760430282811,0.563956138218931
"912",0.733859261469853,0.781742875282901,0.505107342472088,0.734956647647662,0.834593053462608
"913",0.588701129948211,0.505918549625828,0.849897178646729,0.532733579914061,0.478760224268556
"914",0.787840620173168,0.750354213285386,0.475718409647699,0.635054064425843,0.828870931646149
"915",0.584470155181429,0.582976799480831,0.822107037555742,0.556348304128413,0.300206585769474
"916",0.75721180877504,0.647862457135988,0.490419154559429,0.7157968468882,0.607418770138782
"917",0.523896799875198,0.568103749939431,0.657374613797543,0.572250098160153,0.793136478243258
"918",0.857682102236128,0.803170816855834,0.74629996789098,0.717315890402768,0.378958547546178
"919",0.415213083087991,0.398461899508966,0.577441693377723,0.530518368619637,0.593135870124763
"920",0.748371856808945,0.885833622360105,0.806951626479277,0.673001717123309,0.812239364055435
"921",0.373471330190954,0.283796984169192,0.366034272425796,0.550952496941548,0.391821920684486
"922",0.739626704380524,0.708780771325424,0.714593392719715,0.711875487734552,0.891302653729395
"923",0.521898339618024,0.532108475657421,0.64983451129781,0.570384135857357,0.225481323076925
"924",0.668805518273681,0.879042401423965,0.731284499801963,0.789515300534668,0.46809166159003
"925",0.561406546693234,0.28883362554834,0.489789246967994,0.465094058674273,0.733592971137056
"926",0.712648637225991,0.63456023827739,0.856745957581924,0.66092290750206,0.677327549969898
"927",0.61391543402238,0.570971855168283,0.22927930753113,0.599184272529134,0.577868934070647
"928",0.824595389692253,0.82427399725325,0.508494415058942,0.827346503132842,0.829600346959783
"929",0.449389692859082,0.273926956678564,0.717381559702951,0.422224440398939,0.342508179911327
"930",0.746351389689057,0.62768529538781,0.591969915564802,0.730679552831842,0.716098344859417
"931",0.539469511528409,0.645431773854613,0.822592970958346,0.497512033397567,0.640588348879822
"932",0.655451100045778,0.615379805215233,0.39359408551424,0.857822428237388,0.665108696733085
"933",0.599192649190018,0.702366882706001,0.731812645540988,0.290286738981249,0.632835695912533
"934",0.642686418188027,0.607119310637905,0.587355264186941,0.663084247287726,0.758156074227788
"935",0.587592400869199,0.704967330298976,0.629481952590075,0.581160294197257,0.568221881809445
"936",0.783603212574756,0.585180507809491,0.703630011117443,0.697496008904117,0.644315644098642
"937",0.565780243362524,0.775122479287652,0.54200488649145,0.592708918697812,0.622981314348441
"938",0.831268866548416,0.65489856044758,0.76060093866132,0.701922154615085,0.677851143313842
"939",0.389132813803953,0.661994066851316,0.43248678141308,0.674591647670893,0.707952862788397
"940",0.765743960687643,0.739832728313858,0.832363811913718,0.668403117038695,0.650893797571846
"941",0.544111890219592,0.472913009849264,0.403700604532287,0.670594030769691,0.681362588072851
"942",0.684662156057918,0.767204251853941,0.672016327166343,0.668479014080374,0.790008790067807
"943",0.724056092487783,0.424709681405452,0.582659350978495,0.655695597231607,0.446930931859834
"944",0.535879344446932,0.688604986880832,0.827404478574818,0.776523489263605,0.625226718414777
"945",0.844500797920129,0.721030975471388,0.29146104409088,0.510804306481495,0.594053776233802
"946",0.426791156675526,0.626860345311331,0.631670734175032,0.756829048356695,0.675832054259712
"947",0.666279436628694,0.787086332134499,0.678869727565029,0.636482621873692,0.655549014091353
"948",0.755839574159622,0.548012960186103,0.546339967158756,0.615432284801625,0.638266232052418
"949",0.571035230676716,0.805385626196285,0.721459335670327,0.845889824673489,0.69538900153545
"950",0.80924937061055,0.495909930597108,0.476648894330698,0.360488290735279,0.718997631712824
"951",0.376205882134419,0.871186084323772,0.888229047728017,0.621105327944473,0.667687203421492
"952",0.657661051265521,0.292170951431033,0.245419891698088,0.701152835433123,0.672980477556392
"953",0.631400084319996,0.539785085983256,0.518250287111936,0.637302011901841,0.614003257371027
"954",0.792633898485888,0.913165935316451,0.703716249695763,0.627340438880894,0.746422200895161
"955",0.416253694719451,0.206928408951004,0.547491500380291,0.695937428535119,0.459570553341954
"956",0.771854144226986,0.548543433363887,0.746478954659679,0.768980131358631,0.743098768828923
"957",0.535796038163068,0.746498367232433,0.589105385057749,0.590519895400861,0.490095868260886
"958",0.791278056314442,0.54984325647306,0.773527950205468,0.865197326552674,0.714371768194825
"959",0.413171376003055,0.766409370464824,0.541350584977879,0.288050715622359,0.569125327002184
"960",0.763674572744319,0.616282800926329,0.69485030753928,0.600946450358054,0.713109150279394
"961",0.47688252223727,0.715435280059469,0.722064720671879,0.678388423735086,0.607043160834699
"962",0.840040681592028,0.694384164942659,0.701996599103866,0.641772329947017,0.850433205233817
"963",0.335272684558658,0.661789828316708,0.550057788203287,0.657191826201423,0.339391596064202
"964",0.72012710902177,0.820757798509521,0.923017004629205,0.683097027042959,0.623879941090347
"965",0.649173390641979,0.471054056874663,0.234111019089073,0.634158598149687,0.72937481140611
"966",0.624923251686786,0.733815226511219,0.549342082477376,0.707383014748277,0.592008037884943
"967",0.739108859447599,0.712835385026514,0.706504698919745,0.591497709240895,0.806335354187977
"968",0.469877848731668,0.621021582594961,0.589395697600337,0.579160906131962,0.462109299888841
"969",0.653201652068098,0.785804333452618,0.711550626132202,0.801963762081304,0.692929109226063
"970",0.666685935738046,0.528855732237724,0.578679577186294,0.310461964329489,0.575457541111621
"971",0.699080241869243,0.669168871683839,0.761878895869943,0.649961342869711,0.711111658445862
"972",0.68320606635775,0.628610323997824,0.517493535942927,0.692521171253517,0.685437141245618
"973",0.634146600296137,0.652092240223001,0.817976468385838,0.66417947844054,0.639342143006726
"974",0.670884552475094,0.702906784674387,0.415913966748388,0.586135887628609,0.608170149960593
"975",0.54842724033593,0.576158095788276,0.684410175028826,0.78319611946522,0.638792317819825
"976",0.70938412272954,0.610092412202719,0.598426054734763,0.418357186095238,0.64212557174114
"977",0.567978462817466,0.807861034425916,0.606805911497744,0.675490515649391,0.633581450663689
"978",0.691381467157168,0.355053354494003,0.687308949541948,0.744933056549162,0.775374629962919
"979",0.596484667052239,0.657825511676125,0.605183859008182,0.586965305952256,0.634052226392828
"980",0.686269634680214,0.739066710433219,0.683897454313877,0.653533447078601,0.819316990790785
"981",0.555702242536865,0.473138406501841,0.691979263772759,0.708891230337288,0.425643774411353
"982",0.720907202274056,0.73953556017717,0.538244724353062,0.599533967905858,0.665799051211075
"983",0.535500260383228,0.607106829002251,0.737621067717802,0.747614498745104,0.709043080641699
"984",0.702413321353812,0.728850458988442,0.548395320971438,0.517526729387505,0.551088927464973
"985",0.692651844520817,0.461119408304251,0.687976983444121,0.663347787403033,0.754046476694128
"986",0.553037424694477,0.794518856093712,0.642145573461689,0.624624223225857,0.565885549166784
"987",0.720331441310285,0.424771786263295,0.759838750768638,0.586883371336339,0.708621644349492
"988",0.615956944159735,0.831249971777783,0.614300039108698,0.860447099444163,0.559405569085344
"989",0.630524554320151,0.298492876253655,0.774706129219341,0.412695772735095,0.788573533111921
"990",0.811957402575331,0.641971862766906,0.585378856379726,0.771949038566362,0.374611320822175
"991",0.369901103651392,0.696729533767495,0.752214719104667,0.506767565542759,0.629403204373859
"992",0.718756211383574,0.727156233517541,0.565131987641349,0.746625398833917,0.767689076902322
"993",0.497139665009719,0.520274495309691,0.811201446959111,0.512268120148668,0.60959639632486
"994",0.733791856584515,0.771871105302341,0.59555324393319,0.808879126065008,0.775815755039354
"995",0.45911398138495,0.375498938369149,0.722936652869904,0.45476406207549,0.487360220819009
"996",0.714756242952166,0.840807174719776,0.647404431249187,0.771161581951535,0.646550885191983
"997",0.500750042104985,0.326475735023213,0.654030792908725,0.434141183444741,0.663054457208199
"998",0.739834980425389,0.76303018570155,0.85354004330786,0.684887648428625,0.652006470106617
"999",0.525457530670694,0.576796412612103,0.382622198938116,0.558833404610734,0.639330322075405
"1000",0.796049416847534,0.759850803163458,0.652081203710196,0.725996172464726,0.73454739281154
